model,strategy,window_days,split,block,rows,fraud_rate,pr_auc,recall_at_5pct,precision_at_5pct,cost_per_txn_proxy,uid_known_pr_auc,uid_unknown_pr_auc,train_seconds,updated,device,psi_score,inference_ms_per_txn
lightgbm,static,initial_70pct,valid,1,18907,0.03929761464008039,0.6108532827204131,0.6339165545087483,0.4984126984126984,12.975641320251759,0.6531374898285071,0.6057678095014287,0.0,0,V01_saved_scores,0.0,
lightgbm,static,initial_70pct,valid,2,18622,0.033293953388465254,0.5297027073983644,0.6129032258064516,0.40816326530612246,12.461842893029749,0.5575358545514032,0.5337876673942631,0.0,0,V01_saved_scores,0.002861228978181344,
lightgbm,static,initial_70pct,valid,3,18646,0.03233937573742358,0.4778754441428145,0.5854063018242123,0.37875536480686695,11.43077334216454,0.5723594630419041,0.4581627222285193,0.0,0,V01_saved_scores,0.0023693570472553176,
lightgbm,static,initial_70pct,valid,4,9274,0.031917187836963554,0.5509526960544406,0.5912162162162162,0.3779697624190065,9.658122223420314,0.48790713366625443,0.6262084177238275,0.0,0,V01_saved_scores,0.0052168841748971625,
lightgbm,static,initial_70pct,holdout,0,21975,0.030716723549488054,0.5841969156172664,0.6340740740740741,0.38979963570127507,11.100223218020478,0.5598731035879211,0.6095398648885519,0.0,0,V01_saved_scores,0.006887084937330402,
lightgbm,static,initial_70pct,holdout,1,20656,0.030644848954298993,0.4668212965048177,0.5466034755134281,0.33527131782945735,10.394513515201394,0.49508160936979984,0.46977801863788204,0.0,0,V01_saved_scores,0.0009168716693328022,
lightgbm,static,initial_70pct,holdout,2,20508,0.03510825043885313,0.49931689685737435,0.5472222222222223,0.38439024390243903,13.216784237175736,0.4170615258817281,0.5414220018086479,0.0,0,V01_saved_scores,0.010521349344347387,
lightgbm,static,initial_70pct,holdout,3,17817,0.04130886232250098,0.6020718806324983,0.6114130434782609,0.5056179775280899,16.67911674513105,0.5157977810539506,0.6515574285077164,0.0,0,V01_saved_scores,0.0017173672558236561,
lightgbm,static,initial_70pct,holdout,4,7625,0.041836065573770495,0.5990315296703014,0.5768025078369906,0.48293963254593175,20.30620579042623,0.5321363480771809,0.654079790163712,0.0,0,V01_saved_scores,0.0075531539266157025,
lightgbm,periodic,14,valid,1,18907,0.03929761464008039,0.597765491045652,0.6083445491251682,0.4783068783068783,12.881713894853757,0.6014546875641805,0.6110116004803186,7.920301940999934,1,cpu,0.0,0.025352485428675547
lightgbm,periodic,14,valid,2,18622,0.033293953388465254,0.49414640876261556,0.5887096774193549,0.3920515574650913,12.729240360970895,0.5872825354766914,0.4615763027919701,4.063247346000026,1,cpu,0.004583078345941963,0.02354154999463017
lightgbm,periodic,14,valid,3,18646,0.03233937573742358,0.511843346579681,0.5970149253731343,0.38626609442060084,11.058073424112411,0.6083172291431678,0.46225434433776996,4.0164061360000005,1,cpu,0.010152657241235432,0.024139268583077626
lightgbm,periodic,14,valid,4,9274,0.031917187836963554,0.5556943681451966,0.6081081081081081,0.38876889848812096,10.297445734310976,0.543584267630894,0.5822513584671339,3.666605575999938,1,cpu,0.049339244497219104,0.02706411667026685
lightgbm,periodic,14,holdout,0,21975,0.030716723549488054,0.5863994536316498,0.6325925925925926,0.3888888888888889,11.776286111672354,0.583882260927848,0.5956682413138235,3.751571087000002,1,cpu,0.030914611490156025,0.022569147758815494
lightgbm,periodic,14,holdout,1,20656,0.030644848954298993,0.47133211163909594,0.6240126382306477,0.38275193798449614,11.274086819616576,0.5357504408183059,0.44562226444255243,3.5181793719999632,1,cpu,0.08023987506463777,0.022615447230826598
lightgbm,periodic,14,holdout,2,20508,0.03510825043885313,0.5042239520819388,0.5722222222222222,0.40195121951219515,13.21555181119563,0.5453446530074048,0.49994780686411416,3.8088113689999545,1,cpu,0.03940312287276789,0.023814449093035542
lightgbm,periodic,14,holdout,3,17817,0.04130886232250098,0.6579115514398708,0.65625,0.5426966292134832,17.65746557961497,0.6478490202399197,0.6665644541394391,4.261643284000002,1,cpu,0.07929135783120271,0.023018793175057475
lightgbm,periodic,14,holdout,4,7625,0.041836065573770495,0.605111391596704,0.5956112852664577,0.49868766404199477,21.58906709822951,0.6876295629287822,0.5585716279849243,3.9764422739999645,1,cpu,0.12613531038082273,0.028120703737706625
lightgbm,alert,14,valid,1,18907,0.03929761464008039,0.597765491045652,0.6083445491251682,0.4783068783068783,12.881713894853757,0.6014546875641805,0.6110116004803186,4.168465325999932,1,cpu,0.0,0.024033041836361117
lightgbm,alert,14,valid,2,18622,0.033293953388465254,0.46568726236333297,0.567741935483871,0.37808807733619765,13.238258465578348,0.4806958535686744,0.47171259081859446,0.0,0,cpu,0.001943603861538472,0.023172031844057705
lightgbm,alert,14,valid,3,18646,0.03233937573742358,0.42726976061140226,0.5290215588723052,0.34227467811158796,11.679206716400298,0.5028471482789378,0.407603645933812,0.0,0,cpu,0.0024709599986489934,0.023055698863024998
lightgbm,alert,14,valid,4,9274,0.031917187836963554,0.5153638318086098,0.5608108108108109,0.35853131749460043,10.133801162389478,0.43225123893855666,0.6029434309074859,0.0,0,cpu,0.0050233570893328285,0.025681655488463528
lightgbm,alert,14,holdout,0,21975,0.030716723549488054,0.5179927479680195,0.5688888888888889,0.34972677595628415,11.423726128054607,0.4496509305833563,0.5621925479171904,0.0,0,cpu,0.006284922798418307,0.022441298475543065
lightgbm,alert,14,holdout,1,20656,0.030644848954298993,0.47133211163909594,0.6240126382306477,0.38275193798449614,11.274086819616576,0.5357504408183059,0.44562226444255243,3.6119576690000486,1,cpu,0.08023987506463777,0.024102198683192137
lightgbm,alert,14,holdout,2,20508,0.03510825043885313,0.47467008085627804,0.5652777777777778,0.39707317073170734,16.166194645601717,0.5201383407631983,0.472780539784367,0.0,0,cpu,0.06627968132319036,0.02216457167934455
lightgbm,alert,14,holdout,3,17817,0.04130886232250098,0.6579115514398708,0.65625,0.5426966292134832,17.65746557961497,0.6478490202399197,0.6665644541394391,4.119476736000024,1,cpu,0.07929135783120271,0.02252680372677671
lightgbm,alert,14,holdout,4,7625,0.041836065573770495,0.5792731898445027,0.5862068965517241,0.49081364829396323,21.464812557639345,0.64416108180594,0.5516175783667459,0.0,0,cpu,0.07579075667513238,0.026362490098362005
lightgbm,periodic,30,valid,1,18907,0.03929761464008039,0.6025701403113786,0.620457604306864,0.48783068783068784,12.377683666049611,0.6301009265799629,0.6056376304763518,6.839970117000007,1,cpu,0.0,0.02148765325011925
lightgbm,periodic,30,valid,2,18622,0.033293953388465254,0.5309987584498392,0.6209677419354839,0.41353383458646614,12.348796088175277,0.613065128095062,0.5064599162924681,6.438526388000014,1,cpu,0.028880435730283933,0.021525289174095786
lightgbm,periodic,30,valid,3,18646,0.03233937573742358,0.5058120779270097,0.603648424543947,0.3905579399141631,10.848191103400193,0.6065324126847117,0.45944959446016775,6.380034985000066,1,cpu,0.009726029755377969,0.02206609616003277
lightgbm,periodic,30,valid,4,9274,0.031917187836963554,0.5512240093573803,0.6216216216216216,0.39740820734341253,10.318554008626267,0.53268943081393,0.5912679262822401,6.302429576000009,1,cpu,0.01249454426222989,0.02522089993529517
lightgbm,periodic,30,holdout,0,21975,0.030716723549488054,0.5952349459753076,0.6474074074074074,0.39799635701275043,10.895138129692832,0.5987026136520328,0.6044089676265599,6.297939561000021,1,cpu,0.015000849346359348,0.0211896462343559
lightgbm,periodic,30,holdout,1,20656,0.030644848954298993,0.516342459981645,0.617693522906793,0.37887596899224807,10.776107809159566,0.5972065156466335,0.4820888590044277,6.378243165000072,1,cpu,0.0737128565497265,0.022468843144851543
lightgbm,periodic,30,holdout,2,20508,0.03510825043885313,0.517572942753432,0.5722222222222222,0.40195121951219515,13.237135952798907,0.5218399094438395,0.5302753960790408,5.95861165000008,1,cpu,0.05061034280790702,0.02243753062219821
lightgbm,periodic,30,holdout,3,17817,0.04130886232250098,0.6629178429136184,0.6644021739130435,0.549438202247191,17.236199964528257,0.6689931089381361,0.6646114184794767,6.330802371999994,1,cpu,0.038559199337495006,0.021574787057305183
lightgbm,periodic,30,holdout,4,7625,0.041836065573770495,0.6666153727103337,0.658307210031348,0.5511811023622047,19.99387114072131,0.688914947171412,0.6580254308560656,6.232146241999999,1,cpu,0.06734540027948037,0.02633299777048929
lightgbm,alert,30,valid,1,18907,0.03929761464008039,0.6025701403113786,0.620457604306864,0.48783068783068784,12.377683666049611,0.6301009265799629,0.6056376304763518,6.617038899000022,1,cpu,0.0,0.022113193843552755
lightgbm,alert,30,valid,2,18622,0.033293953388465254,0.4773282463535228,0.5693548387096774,0.3791621911922664,13.295843375040276,0.4929513684533394,0.4811107272649909,0.0,0,cpu,0.0021160334571543775,0.021358114004939706
lightgbm,alert,30,valid,3,18646,0.03233937573742358,0.4361060477045896,0.5058043117744611,0.3272532188841202,12.414833882763057,0.5147579935225396,0.4229938702577442,0.0,0,cpu,0.0027477108963775733,0.021181714684117114
lightgbm,alert,30,valid,4,9274,0.031917187836963554,0.496443320557488,0.5371621621621622,0.3434125269978402,10.153736226439507,0.40871139648342225,0.5857431003667571,0.0,0,cpu,0.0031348084987067168,0.023622853245632895
lightgbm,alert,30,holdout,0,21975,0.030716723549488054,0.5382537641147838,0.5851851851851851,0.35974499089253187,11.672592933788394,0.49136399256884883,0.5732307047229526,0.0,0,cpu,0.0064031879031492146,0.021523664391354738
lightgbm,alert,30,holdout,1,20656,0.030644848954298993,0.516342459981645,0.617693522906793,0.37887596899224807,10.776107809159566,0.5972065156466335,0.4820888590044277,6.270817675999979,1,cpu,0.0737128565497265,0.022162270381486313
lightgbm,alert,30,holdout,2,20508,0.03510825043885313,0.5072214909331649,0.5694444444444444,0.4,15.29837408152916,0.5355349275026128,0.5149015221305707,0.0,0,cpu,0.053110519631667824,0.022632835186268508
lightgbm,alert,30,holdout,3,17817,0.04130886232250098,0.6629178429136184,0.6644021739130435,0.549438202247191,17.236199964528257,0.6689931089381361,0.6646114184794767,6.437747803999969,1,cpu,0.038559199337495006,0.023228813885612078
lightgbm,alert,30,holdout,4,7625,0.041836065573770495,0.5999079407288449,0.5987460815047022,0.5013123359580053,22.781734218491803,0.6041283426565967,0.6122674295680641,0.0,0,cpu,0.03762317871252871,0.028391730360662684
lightgbm,periodic,45,valid,1,18907,0.03929761464008039,0.5990301977803261,0.6123822341857336,0.48148148148148145,12.617116134024435,0.6139437157958265,0.6086663559307623,9.651035078000064,1,cpu,0.0,0.021576656264870212
lightgbm,periodic,45,valid,2,18622,0.033293953388465254,0.5387995104523862,0.603225806451613,0.40171858216971,12.906406131350016,0.6034169143548446,0.5207970116239744,9.223396938000064,1,cpu,0.0018065995807739444,0.02161864541940163
lightgbm,periodic,45,valid,3,18646,0.03233937573742358,0.5044003795497843,0.5903814262023217,0.38197424892703863,11.017915225249382,0.6214119331526222,0.458148653753397,9.37679161699998,1,cpu,0.0046781051927143906,0.022344356108549148
lightgbm,periodic,45,valid,4,9274,0.031917187836963554,0.5505425725989311,0.6385135135135135,0.408207343412527,10.07921569074833,0.5083688350618759,0.606406217799104,8.43756693499995,1,cpu,0.015504372660301989,0.02384716519302228
lightgbm,periodic,45,holdout,0,21975,0.030716723549488054,0.5866638854983647,0.6414814814814814,0.39435336976320584,11.412896492559726,0.5514453044004072,0.6135983957058694,8.832148643999972,1,cpu,0.02356923805194814,0.021734885415244456
lightgbm,periodic,45,holdout,1,20656,0.030644848954298993,0.523566887871155,0.5955766192733017,0.3653100775193798,10.036413829298994,0.5992720740952543,0.5004993696094013,8.375053671000046,1,cpu,0.02190092005680815,0.022241237025561886
lightgbm,periodic,45,holdout,2,20508,0.03510825043885313,0.532758965118169,0.5805555555555556,0.40780487804878046,13.412928341330213,0.5341607161498514,0.5468955185035639,8.455630228000018,1,cpu,0.04979496092560885,0.02232066725180166
lightgbm,periodic,45,holdout,3,17817,0.04130886232250098,0.6640845536171137,0.6589673913043478,0.5449438202247191,17.558128726946176,0.6537449568353441,0.6749142100948271,8.559682285999997,1,cpu,0.03162099734075994,0.022223887467026988
lightgbm,periodic,45,holdout,4,7625,0.041836065573770495,0.6758274751485001,0.6332288401253918,0.5301837270341208,19.931817206557376,0.7071036876367529,0.6616795676244622,8.49124861000007,1,cpu,0.06056965354561915,0.026025146754095584
lightgbm,alert,45,valid,1,18907,0.03929761464008039,0.5990301977803261,0.6123822341857336,0.48148148148148145,12.617116134024435,0.6139437157958265,0.6086663559307623,9.287317453000014,1,cpu,0.0,0.02223255550854563
lightgbm,alert,45,valid,2,18622,0.033293953388465254,0.4858596833361846,0.5838709677419355,0.38882921589688507,13.312652811620664,0.5058652130262818,0.4930846639871909,0.0,0,cpu,0.002788695541603912,0.022478202663519957
lightgbm,alert,45,valid,3,18646,0.03233937573742358,0.46739929607422637,0.5538971807628524,0.3583690987124464,12.095937762201007,0.5429427502522625,0.45993588952082826,0.0,0,cpu,0.003306197917054655,0.021778183095568133
lightgbm,alert,45,valid,4,9274,0.031917187836963554,0.537764497766322,0.5912162162162162,0.3779697624190065,10.615524949320683,0.45927013059474564,0.6277008941959935,0.0,0,cpu,0.008587430662057765,0.024201221263746533
lightgbm,alert,45,holdout,0,21975,0.030716723549488054,0.5514082898054674,0.5896296296296296,0.36247723132969034,12.178445360273036,0.5090333941731852,0.5833003105035006,0.0,0,cpu,0.006871348785998036,0.020820975426621036
lightgbm,alert,45,holdout,1,20656,0.030644848954298993,0.523566887871155,0.5955766192733017,0.3653100775193798,10.036413829298994,0.5992720740952543,0.5004993696094013,8.152059905999977,1,cpu,0.02190092005680815,0.021438674767626027
lightgbm,alert,45,holdout,2,20508,0.03510825043885313,0.5161429180887356,0.5805555555555556,0.40780487804878046,14.17524212834016,0.5049439224274785,0.5304429516522321,0.0,0,cpu,0.018863432299464074,0.021018535937193734
lightgbm,alert,45,holdout,3,17817,0.04130886232250098,0.601158832801366,0.6114130434782609,0.5056179775280899,18.20417786114385,0.5773355265244049,0.618167827530305,0.0,0,cpu,0.0302972505791547,0.02181762401078103
lightgbm,alert,45,holdout,4,7625,0.041836065573770495,0.6758274751485001,0.6332288401253918,0.5301837270341208,19.931817206557376,0.7071036876367529,0.6616795676244622,8.431249795999975,1,cpu,0.06056965354561915,0.026897707803281726
lightgbm,periodic,expanding,valid,1,18907,0.03929761464008039,0.5682017736971677,0.604306864064603,0.47513227513227513,13.922788871529065,0.5601605658405284,0.593832637570276,27.702224806999993,1,cpu,0.0,0.025347161844817504
lightgbm,periodic,expanding,valid,2,18622,0.033293953388465254,0.515849550459071,0.5951612903225807,0.3963480128893663,13.160511174417355,0.4822787773666414,0.5367587852409428,24.677220294000108,1,cpu,0.010962569923771929,0.021383619697134915
lightgbm,periodic,expanding,valid,3,18646,0.03233937573742358,0.48387809701528794,0.5655058043117744,0.36587982832618027,11.557495825056312,0.5287565117051976,0.4781283829030417,25.048449508999965,1,cpu,0.0011797089275095056,0.022447848278455505
lightgbm,periodic,expanding,valid,4,9274,0.031917187836963554,0.5381183436038278,0.5878378378378378,0.3758099352051836,10.715458954065127,0.45089387053392027,0.6229366598208528,25.881037190999905,1,cpu,0.009760984324110756,0.024176687189982757
lightgbm,periodic,expanding,holdout,0,21975,0.030716723549488054,0.578450924805855,0.6311111111111111,0.3879781420765027,11.689379149761091,0.54228932719583,0.6045629612240504,27.292018460999998,1,cpu,0.0072798700909315756,0.021604812559722276
lightgbm,periodic,expanding,holdout,1,20656,0.030644848954298993,0.4834548921495919,0.5718799368088467,0.3507751937984496,10.416517570584817,0.49903048431177394,0.4860342688079476,27.770164928999975,1,cpu,0.013701893624552444,0.022191305673898883
lightgbm,periodic,expanding,holdout,2,20508,0.03510825043885313,0.5181907698215826,0.5763888888888888,0.40487804878048783,12.597069395748,0.45423668403845274,0.5519192322754387,28.123059772000033,1,cpu,0.031932039041623846,0.022539387946168457
lightgbm,periodic,expanding,holdout,3,17817,0.04130886232250098,0.645749089937196,0.6358695652173914,0.5258426966292135,16.34865500275018,0.606780242540819,0.6715129135572118,30.18738167100014,1,cpu,0.00464299457184836,0.02136140276141538
lightgbm,periodic,expanding,holdout,4,7625,0.041836065573770495,0.6296189128184972,0.6175548589341693,0.5170603674540682,19.399818866360658,0.5618430806602964,0.682512978846643,31.30901870899993,1,cpu,0.0160481355568692,0.026266196983625215
lightgbm,alert,expanding,valid,1,18907,0.03929761464008039,0.5682017736971677,0.604306864064603,0.47513227513227513,13.922788871529065,0.5601605658405284,0.593832637570276,23.185391054000092,1,cpu,0.0,0.021341138943249367
lightgbm,alert,expanding,valid,2,18622,0.033293953388465254,0.49855101042124483,0.5967741935483871,0.39742212674543503,12.91326112136183,0.43153936528645853,0.538086493048196,0.0,0,cpu,0.003593260193079801,0.02037668832564184
lightgbm,alert,expanding,valid,3,18646,0.03233937573742358,0.4333328855645651,0.5240464344941956,0.33905579399141633,12.509803608816904,0.4328673631956576,0.45526004473918813,0.0,0,cpu,0.002772352508160606,0.020169093800280914
lightgbm,alert,expanding,valid,4,9274,0.031917187836963554,0.49666580380684683,0.5304054054054054,0.3390928725701944,10.924305217597583,0.3714546285549527,0.6137257869691334,0.0,0,cpu,0.004705535299287047,0.023853152469276627
lightgbm,alert,expanding,holdout,0,21975,0.030716723549488054,0.5443666716648949,0.5911111111111111,0.3633879781420765,12.48238765761092,0.476758615421954,0.5903105211210542,0.0,0,cpu,0.006681701926291426,0.019949273674632655
lightgbm,alert,expanding,holdout,1,20656,0.030644848954298993,0.4834548921495919,0.5718799368088467,0.3507751937984496,10.416517570584817,0.49903048431177394,0.4860342688079476,26.936842162999937,1,cpu,0.013701893624552444,0.02111259367738021
lightgbm,alert,expanding,holdout,2,20508,0.03510825043885313,0.5200004084415091,0.5791666666666667,0.4068292682926829,12.627989284571875,0.4474290659192334,0.5549935084096459,0.0,0,cpu,0.025716660079026975,0.02101403101229216
lightgbm,alert,expanding,holdout,3,17817,0.04130886232250098,0.6083786618228197,0.5910326086956522,0.4887640449438202,18.772603668855584,0.5354305278871758,0.6504496808374874,0.0,0,cpu,0.005657926212140095,0.02067004417128953
lightgbm,alert,expanding,holdout,4,7625,0.041836065573770495,0.6010207801720048,0.5956112852664577,0.49868766404199477,19.687881801442625,0.5036583585796346,0.6755384335653484,0.0,0,cpu,0.006764392938634815,0.025578620852475517
xgboost,static,initial_70pct,valid,1,18907,0.03929761464008039,0.5233549709735653,0.5612382234185733,0.44126984126984126,14.351931156608664,0.4278226805936112,0.5936674077618631,17.80737737100003,0,cpu,0.0,0.014759420532071237
xgboost,static,initial_70pct,valid,2,18622,0.033293953388465254,0.45913018183203386,0.55,0.36627282491944146,13.802476262163033,0.33541784808980213,0.5221146717496513,0.0,0,cpu,0.003630959009387769,0.01437369530663225
xgboost,static,initial_70pct,valid,3,18646,0.03233937573742358,0.40516297248034006,0.4693200663349917,0.30364806866952787,12.743450072830635,0.34640372156494775,0.45017337179618233,0.0,0,cpu,0.004100970481435284,0.014188661965033012
xgboost,static,initial_70pct,valid,4,9274,0.031917187836963554,0.4523157941079337,0.4864864864864865,0.31101511879049676,11.945886044856588,0.30838591154003536,0.5800014421051479,0.0,0,cpu,0.011142621609461056,0.01726675620012167
xgboost,static,initial_70pct,holdout,0,21975,0.030716723549488054,0.5208149556964234,0.5422222222222223,0.3333333333333333,12.736607390580206,0.4139724932450388,0.5847543196155325,0.0,0,cpu,0.01093178547952313,0.013712585164962697
xgboost,static,initial_70pct,holdout,1,20656,0.030644848954298993,0.39858160165832507,0.47393364928909953,0.29069767441860467,12.2931946077653,0.3608903701439668,0.4225761192725722,0.0,0,cpu,0.002721536620132328,0.013878871030215123
xgboost,static,initial_70pct,holdout,2,20508,0.03510825043885313,0.4716619995029765,0.525,0.36878048780487804,12.370228526233664,0.3027603375008385,0.5468826652078675,0.0,0,cpu,0.021433476637921767,0.013872883167536208
xgboost,static,initial_70pct,holdout,3,17817,0.04130886232250098,0.5545898370290154,0.563858695652174,0.46629213483146065,17.866018754223493,0.4357819180980042,0.6227352137859098,0.0,0,cpu,0.0033442502197062744,0.014348605713641086
xgboost,static,initial_70pct,holdout,4,7625,0.041836065573770495,0.549850065129786,0.542319749216301,0.4540682414698163,20.73923274177049,0.41790805446767065,0.6527201876612099,0.0,0,cpu,0.006875132860006901,0.019300759475419135
xgboost,periodic,14,valid,1,18907,0.03929761464008039,0.5502081580267407,0.5585464333781965,0.43915343915343913,14.845625933358013,0.5125985008527499,0.5899331348839305,2.5647558529999515,1,cpu,0.0,0.014393833024802793
xgboost,periodic,14,valid,2,18622,0.033293953388465254,0.4812887806022458,0.5612903225806452,0.37379162191192267,13.707619440339384,0.5106693578253697,0.48512657301190126,2.5456896700000016,1,cpu,0.00916091429166629,0.01457771716249671
xgboost,periodic,14,valid,3,18646,0.03233937573742358,0.45856361915475613,0.5505804311774462,0.3562231759656652,11.609521621044728,0.5288181695703144,0.43534728865631955,2.585829186999945,1,cpu,0.007860381798284105,0.014479494476023121
xgboost,periodic,14,valid,4,9274,0.031917187836963554,0.4945234697969857,0.581081081081081,0.3714902807775378,10.663637982747465,0.44606284434164906,0.5484379609779981,2.2105720249999194,1,cpu,0.015711355795198226,0.017610858097893502
xgboost,periodic,14,holdout,0,21975,0.030716723549488054,0.5337328104123485,0.5881481481481482,0.36156648451730417,12.966488659658705,0.49796546333710734,0.5614452571441177,2.2789715230001093,1,cpu,0.027151214442265977,0.013545813105800818
xgboost,periodic,14,holdout,1,20656,0.030644848954298993,0.44958095895158745,0.5987361769352291,0.36724806201550386,11.799751987703331,0.4442272169337585,0.4611259346769454,2.3059066509999866,1,cpu,0.005010615331326422,0.014172580073580491
xgboost,periodic,14,holdout,2,20508,0.03510825043885313,0.4864437767902289,0.5569444444444445,0.39121951219512197,14.217826024185682,0.4617016808044076,0.5058881732906652,2.4476844509999864,1,cpu,0.048940607202741834,0.014548904915156261
xgboost,periodic,14,holdout,3,17817,0.04130886232250098,0.6158972143119953,0.6345108695652174,0.5247191011235955,19.34430005949374,0.6003716659533984,0.6284314175628857,2.6637055099999998,1,cpu,0.04876624937601959,0.014608050120673762
xgboost,periodic,14,holdout,4,7625,0.041836065573770495,0.5878121434685486,0.5956112852664577,0.49868766404199477,20.280628831475408,0.6126520664351879,0.5828910828374523,2.5411478089999946,1,cpu,0.06606011151138907,0.019719658491802145
xgboost,alert,14,valid,1,18907,0.03929761464008039,0.5502081580267407,0.5585464333781965,0.43915343915343913,14.845625933358013,0.5125985008527499,0.5899331348839305,2.5391377559999455,1,cpu,0.0,0.014743895700002204
xgboost,alert,14,valid,2,18622,0.033293953388465254,0.4286426699628756,0.535483870967742,0.35660580021482274,13.893113010954785,0.3638768407688066,0.47021862439840334,0.0,0,cpu,0.002650731894717233,0.015173559821716124
xgboost,alert,14,valid,3,18646,0.03233937573742358,0.3949279757336384,0.4975124378109453,0.3218884120171674,12.9126237842969,0.4291670071590372,0.3938695878081853,0.0,0,cpu,0.000966516175761759,0.014869517698160735
xgboost,alert,14,valid,4,9274,0.031917187836963554,0.46761407860431914,0.5135135135135135,0.3282937365010799,11.154749734310977,0.3360524443151099,0.5865185408619207,0.0,0,cpu,0.0028712341189565693,0.017478390769879313
xgboost,alert,14,holdout,0,21975,0.030716723549488054,0.4811547064002275,0.5392592592592592,0.331511839708561,12.428735085870306,0.3770003734536546,0.5471996249064619,0.0,0,cpu,0.0030576140815092158,0.01377675899885566
xgboost,alert,14,holdout,1,20656,0.030644848954298993,0.44958095895158745,0.5987361769352291,0.36724806201550386,11.799751987703331,0.4442272169337585,0.4611259346769454,2.2396896380000726,1,cpu,0.005010615331326422,0.014239489591404876
xgboost,alert,14,holdout,2,20508,0.03510825043885313,0.46832482449661417,0.5444444444444444,0.3824390243902439,15.490218801248293,0.4319759278444868,0.4939799255999341,0.0,0,cpu,0.008386644072382895,0.013949507460505469
xgboost,alert,14,holdout,3,17817,0.04130886232250098,0.6158972143119953,0.6345108695652174,0.5247191011235955,19.34430005949374,0.6003716659533984,0.6284314175628857,2.687674971999968,1,cpu,0.04876624937601959,0.01496844872874312
xgboost,alert,14,holdout,4,7625,0.041836065573770495,0.5374728520368118,0.5391849529780565,0.45144356955380577,25.405012973114758,0.4903021330721769,0.5786002089676301,0.0,0,cpu,0.046959887778326964,0.019588975213127177
xgboost,periodic,30,valid,1,18907,0.03929761464008039,0.5546703812755056,0.5800807537012113,0.4560846560846561,13.62960753720844,0.5091106622135226,0.601191205817966,4.404323882999961,1,cpu,0.0,0.014801177764845744
xgboost,periodic,30,valid,2,18622,0.033293953388465254,0.4962758187350254,0.5919354838709677,0.3941997851772288,12.975276018150574,0.48017600940004856,0.5097139517049201,4.463699747999954,1,cpu,0.0636141686087158,0.01441769874341905
xgboost,periodic,30,valid,3,18646,0.03233937573742358,0.45269336395321774,0.5190713101160862,0.33583690987124465,11.897564108226966,0.5277204210673555,0.4323385195701239,4.377572035999947,1,cpu,0.016196957291836546,0.014134097339911798
xgboost,periodic,30,valid,4,9274,0.031917187836963554,0.5155144902031513,0.5912162162162162,0.3779697624190065,10.499657120983395,0.43405794393436636,0.5982485417111658,4.224946983000109,1,cpu,0.011473966424070479,0.01744626450290792
xgboost,periodic,30,holdout,0,21975,0.030716723549488054,0.5480297910522648,0.6044444444444445,0.37158469945355194,12.581361744163821,0.5004503046408573,0.5795863195643927,4.090485947000161,1,cpu,0.009916678702382237,0.013769192673490074
xgboost,periodic,30,holdout,1,20656,0.030644848954298993,0.49127149878615195,0.6161137440758294,0.37790697674418605,10.559736334333849,0.5142764657428894,0.49053048743918054,3.9803986689998965,1,cpu,0.019851978366353835,0.013860380712623764
xgboost,periodic,30,holdout,2,20508,0.03510825043885313,0.5054301319854007,0.5666666666666667,0.3980487804878049,14.028691643846305,0.4561021583443358,0.5372704317034017,4.012518053000122,1,cpu,0.026075400865578396,0.014161977228398388
xgboost,periodic,30,holdout,3,17817,0.04130886232250098,0.6245274417197392,0.6453804347826086,0.5337078651685393,17.96411089633496,0.6214686338735698,0.627413141978949,4.238872160000028,1,cpu,0.02094903753487876,0.014510005275857774
xgboost,periodic,30,holdout,4,7625,0.041836065573770495,0.6072102794400572,0.5862068965517241,0.49081364829396323,23.138921893770494,0.597491619341848,0.6229895034393018,4.342602208000017,1,cpu,0.06290105246370274,0.01898019540981966
xgboost,alert,30,valid,1,18907,0.03929761464008039,0.5546703812755056,0.5800807537012113,0.4560846560846561,13.62960753720844,0.5091106622135226,0.601191205817966,4.403778878000139,1,cpu,0.0,0.014531408208601796
xgboost,alert,30,valid,2,18622,0.033293953388465254,0.4495055471795849,0.567741935483871,0.37808807733619765,13.556401956503061,0.4063722511754904,0.4835461179596538,0.0,0,cpu,0.0027675961861556367,0.014651344377621982
xgboost,alert,30,valid,3,18646,0.03233937573742358,0.40829706293099643,0.5107794361525705,0.33047210300429186,11.962418874718438,0.429470147788976,0.4235778423184152,0.0,0,cpu,0.003685419477913052,0.014255858736456881
xgboost,alert,30,valid,4,9274,0.031917187836963554,0.458592756681103,0.5236486486486487,0.3347732181425486,10.775719887427217,0.3458398462906926,0.5665966545888589,0.0,0,cpu,0.006958297115644946,0.01728050841062874
xgboost,alert,30,holdout,0,21975,0.030716723549488054,0.5057847697768938,0.5496296296296296,0.33788706739526414,12.58956934116041,0.4259976014620742,0.558646782041032,0.0,0,cpu,0.007287443731680641,0.01366837606371443
xgboost,alert,30,holdout,1,20656,0.030644848954298993,0.49127149878615195,0.6161137440758294,0.37790697674418605,10.559736334333849,0.5142764657428894,0.49053048743918054,3.9241657739999027,1,cpu,0.019851978366353835,0.013981157145622003
xgboost,alert,30,holdout,2,20508,0.03510825043885313,0.45410746176051403,0.4777777777777778,0.335609756097561,16.547843288082703,0.366433674833455,0.5224311019952784,0.0,0,cpu,0.023876983561852496,0.013999080846494965
xgboost,alert,30,holdout,3,17817,0.04130886232250098,0.5792323176663474,0.5788043478260869,0.4786516853932584,19.43138861177527,0.5538979166572946,0.5978841028223135,0.0,0,cpu,0.014980539638798349,0.023272178088347348
xgboost,alert,30,holdout,4,7625,0.041836065573770495,0.6072102794400572,0.5862068965517241,0.49081364829396323,23.138921893770494,0.597491619341848,0.6229895034393018,4.313486742999885,1,cpu,0.06290105246370274,0.019401717770484002
xgboost,periodic,45,valid,1,18907,0.03929761464008039,0.5595955523561358,0.5800807537012113,0.4560846560846561,13.057276258422807,0.5058792557247305,0.6093818229858609,6.546184880999817,1,cpu,0.0,0.014685861744339035
xgboost,periodic,45,valid,2,18622,0.033293953388465254,0.4913659020794292,0.5838709677419355,0.38882921589688507,13.41236134389432,0.5142317187668581,0.4939063163501767,6.5688149380000596,1,cpu,0.03247123270360897,0.014911587960472214
xgboost,periodic,45,valid,3,18646,0.03233937573742358,0.45015616255072816,0.5339966832504146,0.34549356223175964,11.953718455111018,0.5154030091302569,0.436694704885243,6.566878690999829,1,cpu,0.008606073880533851,0.014467662554969944
xgboost,periodic,45,valid,4,9274,0.031917187836963554,0.5037819437354153,0.5641891891891891,0.36069114470842334,10.917779901229244,0.423170984161848,0.589275233055534,6.280030095000029,1,cpu,0.021645591419187742,0.017385217705413666
xgboost,periodic,45,holdout,0,21975,0.030716723549488054,0.5567223398557377,0.5985185185185186,0.3679417122040073,12.51819986784983,0.49080040594941615,0.600879230843234,5.906606619000058,1,cpu,0.02927535488717407,0.013538509397051063
xgboost,periodic,45,holdout,1,20656,0.030644848954298993,0.49472957475403906,0.608214849921011,0.37306201550387597,10.141162431158017,0.5127349427713545,0.49454093903695223,5.77059201499992,1,cpu,0.018716511549052055,0.014125058820678552
xgboost,periodic,45,holdout,2,20508,0.03510825043885313,0.5190790597681945,0.5805555555555556,0.40780487804878046,13.105131845133608,0.4618582717930148,0.5513809500978131,5.9718765069999336,1,cpu,0.017367318198563773,0.015195920421305084
xgboost,periodic,45,holdout,3,17817,0.04130886232250098,0.6210016227054834,0.6331521739130435,0.5235955056179775,17.88555255183252,0.6016485348352202,0.6288698909644955,5.879497709999896,1,cpu,0.01915363913282736,0.01449607930628184
xgboost,periodic,45,holdout,4,7625,0.041836065573770495,0.5935826678958259,0.5893416927899686,0.49343832020997375,20.644188653114757,0.5519442917293282,0.6298516625655941,5.805005208000011,1,cpu,0.044430486629866824,0.02001364157376138
xgboost,alert,45,valid,1,18907,0.03929761464008039,0.5595955523561358,0.5800807537012113,0.4560846560846561,13.057276258422807,0.5058792557247305,0.6093818229858609,6.39313437099986,1,cpu,0.0,0.014191655259956
xgboost,alert,45,valid,2,18622,0.033293953388465254,0.46312925094435303,0.5435483870967742,0.3619763694951665,13.639649456878962,0.4080153361415113,0.49932489585035467,0.0,0,cpu,0.004407666772157133,0.014148695897327621
xgboost,alert,45,valid,3,18646,0.03233937573742358,0.4206412617064787,0.4842454394693201,0.3133047210300429,12.59631472498123,0.4475673158772828,0.43035933324134573,0.0,0,cpu,0.0038588527089434463,0.014079362758772645
xgboost,alert,45,valid,4,9274,0.031917187836963554,0.4653240819663856,0.5236486486486487,0.3347732181425486,10.63453483588527,0.3427793502791239,0.5793705176309066,0.0,0,cpu,0.006714718950156605,0.017069286931202212
xgboost,alert,45,holdout,0,21975,0.030716723549488054,0.5207694667640927,0.5525925925925926,0.33970856102003644,12.665052807645049,0.4361706576866361,0.5768498382795338,0.0,0,cpu,0.008008044101802836,0.015314965597267872
xgboost,alert,45,holdout,1,20656,0.030644848954298993,0.49472957475403906,0.608214849921011,0.37306201550387597,10.141162431158017,0.5127349427713545,0.49454093903695223,5.684587693999902,1,cpu,0.018716511549052055,0.013915610573206103
xgboost,alert,45,holdout,2,20508,0.03510825043885313,0.5011826450466433,0.5652777777777778,0.39707317073170734,14.602641230739225,0.4511095703777402,0.5295652965804303,0.0,0,cpu,0.027409193605892574,0.013691073386000951
xgboost,alert,45,holdout,3,17817,0.04130886232250098,0.5771488877149964,0.5883152173913043,0.48651685393258426,19.33983585339844,0.5331607997556363,0.6017348545957946,0.0,0,cpu,0.02316719515577485,0.014273597070207951
xgboost,alert,45,holdout,4,7625,0.041836065573770495,0.5935826678958259,0.5893416927899686,0.49343832020997375,20.644188653114757,0.5519442917293282,0.6298516625655941,5.7983905850001065,1,cpu,0.044430486629866824,0.01906287947540328
xgboost,periodic,expanding,valid,1,18907,0.03929761464008039,0.5233549709735653,0.5612382234185733,0.44126984126984126,14.351931156608664,0.4278226805936112,0.5936674077618631,16.95383835099983,1,cpu,0.0,0.01411932517057145
xgboost,periodic,expanding,valid,2,18622,0.033293953388465254,0.4733238788145742,0.5629032258064516,0.3748657357679914,13.949384440446781,0.3816920252640882,0.5208246332157357,17.80879684300021,1,cpu,0.010943928752747394,0.014254376543872823
xgboost,periodic,expanding,valid,3,18646,0.03233937573742358,0.4283094848603527,0.5190713101160862,0.33583690987124465,12.169777330151238,0.40104358100383547,0.45749350101817926,19.527747866000027,1,cpu,0.005742819043833113,0.016552617290573134
xgboost,periodic,expanding,valid,4,9274,0.031917187836963554,0.48164396874736,0.543918918918919,0.34773218142548595,10.558574416648696,0.3674126470799762,0.5850035811299418,19.39166249499999,1,cpu,0.009965634262977198,0.017287796420101965
xgboost,periodic,expanding,holdout,0,21975,0.030716723549488054,0.5398218508953726,0.5777777777777777,0.3551912568306011,12.299703884232082,0.46514482223395887,0.5862573742086589,19.713382108000133,1,cpu,0.00739509179714574,0.013648297383386037
xgboost,periodic,expanding,holdout,1,20656,0.030644848954298993,0.42356519314688523,0.5181674565560821,0.3178294573643411,11.176193871901628,0.42174328662970245,0.4356612815674304,20.171855650999987,1,cpu,0.005002459714950317,0.015392316469791022
xgboost,periodic,expanding,holdout,2,20508,0.03510825043885313,0.4873930070082982,0.5541666666666667,0.38926829268292684,12.043486491125414,0.35191291435828204,0.5536184594630813,21.06709521599987,1,cpu,0.018272531284786307,0.015413135703138158
xgboost,periodic,expanding,holdout,3,17817,0.04130886232250098,0.5907778546948874,0.5910326086956522,0.4887640449438202,18.395297761463773,0.5121480680532738,0.6349934637929115,21.86949991000006,1,cpu,0.0008757786948965559,0.01447802974686539
xgboost,periodic,expanding,holdout,4,7625,0.041836065573770495,0.591181768067563,0.6018808777429467,0.5039370078740157,18.81339586308197,0.48069259711866835,0.6737161670339454,22.38836800199988,1,cpu,0.008018569915521575,0.019412776524583678
xgboost,alert,expanding,valid,1,18907,0.03929761464008039,0.5233549709735653,0.5612382234185733,0.44126984126984126,14.351931156608664,0.4278226805936112,0.5936674077618631,16.730101176000062,1,cpu,0.0,0.014178528375728305
xgboost,alert,expanding,valid,2,18622,0.033293953388465254,0.45913018183203386,0.55,0.36627282491944146,13.802476262163033,0.33541784808980213,0.5221146717496513,0.0,0,cpu,0.003630959009387769,0.01398160557405291
xgboost,alert,expanding,valid,3,18646,0.03233937573742358,0.40516297248034006,0.4693200663349917,0.30364806866952787,12.743450072830635,0.34640372156494775,0.45017337179618233,0.0,0,cpu,0.004100970481435284,0.013981389252392238
xgboost,alert,expanding,valid,4,9274,0.031917187836963554,0.4523157941079337,0.4864864864864865,0.31101511879049676,11.945886044856588,0.30838591154003536,0.5800014421051479,0.0,0,cpu,0.011142621609461056,0.017004010243706045
xgboost,alert,expanding,holdout,0,21975,0.030716723549488054,0.5208149556964234,0.5422222222222223,0.3333333333333333,12.736607390580206,0.4139724932450388,0.5847543196155325,0.0,0,cpu,0.01093178547952313,0.013524979431167594
xgboost,alert,expanding,holdout,1,20656,0.030644848954298993,0.42356519314688523,0.5181674565560821,0.3178294573643411,11.176193871901628,0.42174328662970245,0.4356612815674304,20.198683345999825,1,cpu,0.005002459714950317,0.013602352778851988
xgboost,alert,expanding,holdout,2,20508,0.03510825043885313,0.4888003488263934,0.5486111111111112,0.3853658536585366,12.366684871464795,0.35620649669874604,0.5520530520841589,0.0,0,cpu,0.013936383911791708,0.014030268821923163
xgboost,alert,expanding,holdout,3,17817,0.04130886232250098,0.5660578978321645,0.5706521739130435,0.47191011235955055,18.6864190465286,0.4813756657954927,0.6146312106806517,0.0,0,cpu,0.003109303577817042,0.015610148004719234
xgboost,alert,expanding,holdout,4,7625,0.041836065573770495,0.5690940833462186,0.5768025078369906,0.48293963254593175,19.410656419672133,0.4404035336104241,0.667418952305081,0.0,0,cpu,0.008635853460980076,0.01942518059015546
catboost,static,initial_70pct,valid,1,18907,0.03929761464008039,0.4833350968506484,0.5437415881561238,0.4275132275132275,14.672682653091448,0.39148628615540604,0.5481105968597353,29.4154737140002,0,cpu,0.0,0.01212370614058647
catboost,static,initial_70pct,valid,2,18622,0.033293953388465254,0.43857999141839976,0.5370967741935484,0.3576799140708915,14.003480945655674,0.3076026912073959,0.5037242936456322,0.0,0,cpu,0.0034766380513901176,0.012130853399200723
catboost,static,initial_70pct,valid,3,18646,0.03233937573742358,0.3702763038958501,0.4560530679933665,0.29506437768240346,13.170031553469913,0.308516782150761,0.4151911044777453,0.0,0,cpu,0.003771553883413826,0.011908641585322729
catboost,static,initial_70pct,valid,4,9274,0.031917187836963554,0.42760837397938073,0.5202702702702703,0.3326133909287257,10.285309246926893,0.28888243834536126,0.5442264914257358,0.0,0,cpu,0.011812488136526423,0.01527750398963984
catboost,static,initial_70pct,holdout,0,21975,0.030716723549488054,0.4856429287460301,0.5140740740740741,0.31602914389799636,14.110559416791807,0.36900579521042765,0.5571879996137735,0.0,0,cpu,0.009474638780778455,0.011301102571103682
catboost,static,initial_70pct,holdout,1,20656,0.030644848954298993,0.38894350075863426,0.5055292259083728,0.31007751937984496,11.896696495061967,0.31600229176033895,0.4247365735509181,0.0,0,cpu,0.008580009648351317,0.011664847114641887
catboost,static,initial_70pct,holdout,2,20508,0.03510825043885313,0.4685203692736437,0.525,0.36878048780487804,12.869699604056953,0.30357267793653614,0.5431315976440425,0.0,0,cpu,0.021563886454562853,0.011772393992591326
catboost,static,initial_70pct,holdout,3,17817,0.04130886232250098,0.5134732216804307,0.5475543478260869,0.45280898876404496,18.290339117921086,0.4056129954215808,0.5765322027621869,0.0,0,cpu,0.0048546699953277055,0.012252682157479353
catboost,static,initial_70pct,holdout,4,7625,0.041836065573770495,0.49751929000636536,0.5235109717868338,0.43832020997375326,20.695108913311476,0.38252421264519265,0.5859298842317773,0.0,0,cpu,0.008500089068293198,0.01648069311474993
catboost,periodic,14,valid,1,18907,0.03929761464008039,0.4859051370489766,0.5168236877523553,0.40634920634920635,13.499762507960014,0.4534802358365764,0.5169482105624957,4.847916650000116,1,cpu,0.0,0.01223342587400727
catboost,periodic,14,valid,2,18622,0.033293953388465254,0.43300571182350434,0.5274193548387097,0.35123523093447906,14.306005524755667,0.4114647929742279,0.4529813879159096,5.062690742999848,1,cpu,0.015869648537491753,0.012182795886582035
catboost,periodic,14,valid,3,18646,0.03233937573742358,0.3906829808799068,0.4842454394693201,0.3133047210300429,13.294353724873968,0.3972263101409168,0.39538805614834294,5.0149089830001685,1,cpu,0.0086595333441331,0.011954078086453537
catboost,periodic,14,valid,4,9274,0.031917187836963554,0.4597248511147072,0.5202702702702703,0.3326133909287257,11.164549311623896,0.3917675105285594,0.5297472127182272,4.600813194999773,1,cpu,0.01125652697654371,0.015152845158495
catboost,periodic,14,holdout,0,21975,0.030716723549488054,0.4506341330146657,0.52,0.319672131147541,14.081800637815698,0.3792667172224627,0.496382247770639,4.474246520000179,1,cpu,0.015809464655121782,0.011608422116044993
catboost,periodic,14,holdout,1,20656,0.030644848954298993,0.4050345931133004,0.5387045813586098,0.33042635658914726,12.74191244936096,0.38124213359757647,0.41616951545611713,4.470461204000003,1,cpu,0.06374638912223918,0.01200222279241029
catboost,periodic,14,holdout,2,20508,0.03510825043885313,0.4884351454198641,0.55,0.38634146341463416,16.33549976672518,0.46283347146458115,0.5136941625042202,4.814960564000103,1,cpu,0.09708711750888085,0.01187795275014723
catboost,periodic,14,holdout,3,17817,0.04130886232250098,0.5490739110545886,0.6005434782608695,0.4966292134831461,21.03829627838581,0.5683706166082663,0.5538880860431813,5.1574553129999,1,cpu,0.04365106252805013,0.012019547230165245
catboost,periodic,14,holdout,4,7625,0.041836065573770495,0.5219653794721435,0.5705329153605015,0.4776902887139108,19.49637039422951,0.5052671916014437,0.539727213320045,4.991583874000298,1,cpu,0.04865110965104041,0.01701655331146226
catboost,alert,14,valid,1,18907,0.03929761464008039,0.4859051370489766,0.5168236877523553,0.40634920634920635,13.499762507960014,0.4534802358365764,0.5169482105624957,4.948640033999709,1,cpu,0.0,0.011859410324208855
catboost,alert,14,valid,2,18622,0.033293953388465254,0.3990826464758618,0.5064516129032258,0.3372717508055854,14.204722824723445,0.3351589184255883,0.43933929273946015,0.0,0,cpu,0.004024643706548303,0.012146515519268522
catboost,alert,14,valid,3,18646,0.03233937573742358,0.3692298210906677,0.4693200663349917,0.30364806866952787,12.552489267939505,0.3501548120379194,0.3869530305218102,0.0,0,cpu,0.0055102582988554106,0.012123802638636962
catboost,alert,14,valid,4,9274,0.031917187836963554,0.4155878817156419,0.5,0.31965442764578833,10.265301522967436,0.2831571388921613,0.5354225403041869,0.0,0,cpu,0.013788473609713341,0.017100086262688434
catboost,alert,14,holdout,0,21975,0.030716723549488054,0.4370954597035278,0.4888888888888889,0.3005464480874317,13.205991455017063,0.30378354708267963,0.5202260697045814,0.0,0,cpu,0.00999098352151892,0.011592844960176988
catboost,alert,14,holdout,1,20656,0.030644848954298993,0.4050345931133004,0.5387045813586098,0.33042635658914726,12.74191244936096,0.38124213359757647,0.41616951545611713,4.44081284899994,1,cpu,0.06374638912223918,0.011879923944624303
catboost,alert,14,holdout,2,20508,0.03510825043885313,0.45181718285641126,0.5152777777777777,0.3619512195121951,16.217146617515116,0.4020934800995686,0.47793531239610415,0.0,0,cpu,0.06545015974263499,0.011689769455829524
catboost,alert,14,holdout,3,17817,0.04130886232250098,0.5490739110545886,0.6005434782608695,0.4966292134831461,21.03829627838581,0.5683706166082663,0.5538880860431813,5.188821295999787,1,cpu,0.04365106252805013,0.012328987764489428
catboost,alert,14,holdout,4,7625,0.041836065573770495,0.49296324474994124,0.5235109717868338,0.43832020997375326,26.059190233180328,0.4266521318058304,0.5516930450503321,0.0,0,cpu,0.03684990001502106,0.016485435147574133
catboost,periodic,30,valid,1,18907,0.03929761464008039,0.5108494603108013,0.550471063257066,0.4328042328042328,13.89014661458719,0.4555364385540802,0.5564836651952411,8.535995610999635,1,cpu,0.0,0.01224789279104623
catboost,periodic,30,valid,2,18622,0.033293953388465254,0.4236376301110734,0.5129032258064516,0.34156820622986034,14.170155548168832,0.3414386801422109,0.46842838371683904,8.359007675999692,1,cpu,0.03510611441482249,0.012423034636448576
catboost,periodic,30,valid,3,18646,0.03233937573742358,0.4035310150764073,0.5091210613598673,0.3293991416309013,11.66746759251314,0.4181951956175709,0.40979402050479613,8.155240409000271,1,cpu,0.03167230920078744,0.012057695966973894
catboost,periodic,30,valid,4,9274,0.031917187836963554,0.46863926804531686,0.5371621621621622,0.3434125269978402,10.292596921716626,0.38802416421415037,0.5501195794127973,7.924607275999733,1,cpu,0.020435196671402055,0.015137242505920606
catboost,periodic,30,holdout,0,21975,0.030716723549488054,0.49362444931848726,0.5555555555555556,0.34153005464480873,12.917962324095564,0.41676039466599935,0.5434060461795611,7.884997602000112,1,cpu,0.02394488347148855,0.011158302753139612
catboost,periodic,30,holdout,1,20656,0.030644848954298993,0.4313079401251497,0.5608214849921012,0.3439922480620155,10.996197211173508,0.3975081252076993,0.4505438490654213,7.695644316999733,1,cpu,0.014786773894080441,0.011746896059267726
catboost,periodic,30,holdout,2,20508,0.03510825043885313,0.48131147935223856,0.5472222222222223,0.38439024390243903,14.581526388141212,0.41638000279846177,0.5158848780430495,7.31515047799985,1,cpu,0.019314952426139686,0.011553126584741122
catboost,periodic,30,holdout,3,17817,0.04130886232250098,0.5687375565099877,0.5883152173913043,0.48651685393258426,20.041533608576074,0.5317916362730304,0.5929662528930326,7.705641968000236,1,cpu,0.013190049931754485,0.01210405949372957
catboost,periodic,30,holdout,4,7625,0.041836065573770495,0.560876122620781,0.6018808777429467,0.5039370078740157,19.912661901639346,0.48843069118448845,0.6211513448045868,7.873579666000296,1,cpu,0.02968711985963389,0.016458024262304163
catboost,alert,30,valid,1,18907,0.03929761464008039,0.5108494603108013,0.550471063257066,0.4328042328042328,13.89014661458719,0.4555364385540802,0.5564836651952411,8.420138500999656,1,cpu,0.0,0.011837986248494008
catboost,alert,30,valid,2,18622,0.033293953388465254,0.42395006112981154,0.5129032258064516,0.34156820622986034,14.726900547417035,0.3268518830041307,0.4763942202000635,0.0,0,cpu,0.001546286663654195,0.011905102298361435
catboost,alert,30,valid,3,18646,0.03233937573742358,0.3760211375172771,0.4626865671641791,0.29935622317596566,12.668011495548644,0.3606988873175301,0.39372856604813883,0.0,0,cpu,0.0016432602008977597,0.012240017322742675
catboost,alert,30,valid,4,9274,0.031917187836963554,0.4275171532509702,0.5101351351351351,0.326133909287257,9.810922208755663,0.30764105071748327,0.534532140570474,0.0,0,cpu,0.004050769776727846,0.015042059197765528
catboost,alert,30,holdout,0,21975,0.030716723549488054,0.4797608311907513,0.5155555555555555,0.31693989071038253,12.810318428395906,0.36638929012756444,0.5478906668327237,0.0,0,cpu,0.005226626027238386,0.01129154880546843
catboost,alert,30,holdout,1,20656,0.030644848954298993,0.4313079401251497,0.5608214849921012,0.3439922480620155,10.996197211173508,0.3975081252076993,0.4505438490654213,7.630579278999903,1,cpu,0.014786773894080441,0.01307882073003837
catboost,alert,30,holdout,2,20508,0.03510825043885313,0.47669670230888544,0.5416666666666666,0.3804878048780488,14.944881831090308,0.4107571295624921,0.5108361244084697,0.0,0,cpu,0.021928597249744212,0.011767137165978454
catboost,alert,30,holdout,3,17817,0.04130886232250098,0.5389106281997819,0.5692934782608695,0.4707865168539326,19.70715180019083,0.49074901193276466,0.5676074437131017,0.0,0,cpu,0.011810593177687003,0.012213889375293874
catboost,alert,30,holdout,4,7625,0.041836065573770495,0.5228218756306682,0.5736677115987461,0.48031496062992124,20.515812020459013,0.3999405038660963,0.6148854188857892,0.0,0,cpu,0.02225987112629918,0.016831314885241196
catboost,periodic,45,valid,1,18907,0.03929761464008039,0.5181021383753677,0.5545087483176312,0.43597883597883597,13.077711489818585,0.45457472027141305,0.5700850430379173,11.554139572000167,1,cpu,0.0,0.011989238218654396
catboost,periodic,45,valid,2,18622,0.033293953388465254,0.44833266645618286,0.5435483870967742,0.3619763694951665,13.794831630651917,0.38918398615333333,0.4842063554804709,11.85624217600025,1,cpu,0.006964586557800597,0.012382175974661735
catboost,periodic,45,valid,3,18646,0.03233937573742358,0.38783522456256353,0.49917081260364843,0.3229613733905579,12.164273793950446,0.3963935465093882,0.3997257533490008,11.498135954999725,1,cpu,0.0028698110168098863,0.011773837123247472
catboost,periodic,45,valid,4,9274,0.031917187836963554,0.4732743006274218,0.5540540540540541,0.3542116630669546,9.92769961742506,0.39032724248752926,0.5529653005913365,10.925236232000316,1,cpu,0.01515581792579512,0.015634728056938198
catboost,periodic,45,holdout,0,21975,0.030716723549488054,0.5060134230372468,0.5496296296296296,0.33788706739526414,12.518643938293517,0.4058525033606086,0.567776319663355,10.771018596999966,1,cpu,0.02219867605537191,0.011365581342428946
catboost,periodic,45,holdout,1,20656,0.030644848954298993,0.4463263183183093,0.5718799368088467,0.3507751937984496,10.508141554705656,0.404129366538341,0.46708403414843014,10.703199038000093,1,cpu,0.007641610638596802,0.011842967999607325
catboost,periodic,45,holdout,2,20508,0.03510825043885313,0.49756161886346184,0.5555555555555556,0.3902439024390244,14.581996547298617,0.43144399576625686,0.5377235568783134,10.529870287999984,1,cpu,0.017755386934029865,0.011722807538535988
catboost,periodic,45,holdout,3,17817,0.04130886232250098,0.5686612181951587,0.5991847826086957,0.49550561797752807,16.899688920918226,0.5321368641781881,0.5943131130311972,10.452518908999991,1,cpu,0.008230311053566228,0.012413445192802458
catboost,periodic,45,holdout,4,7625,0.041836065573770495,0.5657999911384536,0.5768025078369906,0.48293963254593175,21.5089803415082,0.4777472646212238,0.6318297851375919,10.529364485000315,1,cpu,0.032981680335638475,0.01722626373771536
catboost,alert,45,valid,1,18907,0.03929761464008039,0.5181021383753677,0.5545087483176312,0.43597883597883597,13.077711489818585,0.45457472027141305,0.5700850430379173,11.54930995299992,1,cpu,0.0,0.012284785634954085
catboost,alert,45,valid,2,18622,0.033293953388465254,0.43081554933351857,0.5112903225806451,0.34049409237379163,13.80077781301686,0.33425104419079743,0.4828109803420319,0.0,0,cpu,0.002297525015738141,0.01239036736118398
catboost,alert,45,valid,3,18646,0.03233937573742358,0.3781238447438482,0.45439469320066334,0.2939914163090129,12.593515181486646,0.34217721736535617,0.41087104496480736,0.0,0,cpu,0.0006801384486089876,0.012123383352994704
catboost,alert,45,valid,4,9274,0.031917187836963554,0.4538130061409621,0.5371621621621622,0.3434125269978402,10.451921462583567,0.34031155677051583,0.5540031175807865,0.0,0,cpu,0.004028629710841255,0.01561334957946151
catboost,alert,45,holdout,0,21975,0.030716723549488054,0.4863990597319578,0.5259259259259259,0.3233151183970856,13.192857822798635,0.3737550646975558,0.5577499042439924,0.0,0,cpu,0.004503600449360842,0.011812054334467522
catboost,alert,45,holdout,1,20656,0.030644848954298993,0.4463263183183093,0.5718799368088467,0.3507751937984496,10.508141554705656,0.404129366538341,0.46708403414843014,10.774372858000334,1,cpu,0.007641610638596802,0.012370521010841358
catboost,alert,45,holdout,2,20508,0.03510825043885313,0.49351815466754967,0.5486111111111112,0.3853658536585366,13.200221319680127,0.39048367091029884,0.5424813130422752,0.0,0,cpu,0.009458509002142713,0.013794912765753382
catboost,alert,45,holdout,3,17817,0.04130886232250098,0.5543113140114979,0.5774456521739131,0.47752808988764045,17.77141045518325,0.49221713617938795,0.5893092015811301,0.0,0,cpu,0.007143439272877257,0.015083561037222413
catboost,alert,45,holdout,4,7625,0.041836065573770495,0.5130428915971742,0.5391849529780565,0.45144356955380577,19.040434345967213,0.4049918030431386,0.6003048560231976,0.0,0,cpu,0.012277427636454768,0.019719733901645848
catboost,periodic,expanding,valid,1,18907,0.03929761464008039,0.4833350968506484,0.5437415881561238,0.4275132275132275,14.672682653091448,0.39148628615540604,0.5481105968597353,28.786451758000112,1,cpu,0.0,0.012489714708822288
catboost,periodic,expanding,valid,2,18622,0.033293953388465254,0.4371154722211042,0.5306451612903226,0.3533834586466165,14.641047305874771,0.31093018147499035,0.49875241921608204,30.868938543999775,1,cpu,0.004773303753605503,0.012461250510147497
catboost,periodic,expanding,valid,3,18646,0.03233937573742358,0.3864708245707367,0.48756218905472637,0.315450643776824,12.808627252279308,0.33544358235291544,0.42529717633489195,31.803095176999705,1,cpu,0.004442368057298805,0.012453987396744644
catboost,periodic,expanding,valid,4,9274,0.031917187836963554,0.44009716140484095,0.5540540540540541,0.3542116630669546,10.550699375889584,0.31492635409197556,0.5436431874895473,32.69897685600017,1,cpu,0.008828968975205713,0.015583663467774045
catboost,periodic,expanding,holdout,0,21975,0.030716723549488054,0.49918189086790127,0.5377777777777778,0.33060109289617484,13.572742106211605,0.39240167550777355,0.5662661144183376,32.584828106999794,1,cpu,0.008041286919987112,0.01169878894198085
catboost,periodic,expanding,holdout,1,20656,0.030644848954298993,0.405695786616754,0.4518167456556082,0.2771317829457364,13.23722855083269,0.31734950701452214,0.4520441176847291,33.96333582699981,1,cpu,0.005582088392293839,0.011894454831530288
catboost,periodic,expanding,holdout,2,20508,0.03510825043885313,0.4809019830797985,0.5611111111111111,0.39414634146341465,13.064486216110787,0.36342687666904006,0.543390798564179,36.21634577099985,1,cpu,0.011114320880129404,0.012248966159559116
catboost,periodic,expanding,holdout,3,17817,0.04130886232250098,0.5395542118390426,0.5774456521739131,0.47752808988764045,17.489443515294383,0.4642369657538395,0.5825348144257338,37.09684214300023,1,cpu,0.0027698220866624267,0.01239639973059547
catboost,periodic,expanding,holdout,4,7625,0.041836065573770495,0.532156070928563,0.5705329153605015,0.4776902887139108,19.509193344000003,0.45274136935077713,0.6010001365957595,38.62756311200019,1,cpu,0.010436472597993471,0.01740562137703938
catboost,alert,expanding,valid,1,18907,0.03929761464008039,0.4833350968506484,0.5437415881561238,0.4275132275132275,14.672682653091448,0.39148628615540604,0.5481105968597353,28.206858213000032,1,cpu,0.0,0.012533472946531787
catboost,alert,expanding,valid,2,18622,0.033293953388465254,0.43857999141839976,0.5370967741935484,0.3576799140708915,14.003480945655674,0.3076026912073959,0.5037242936456322,0.0,0,cpu,0.0034766380513901176,0.012609223123192107
catboost,alert,expanding,valid,3,18646,0.03233937573742358,0.3702763038958501,0.4560530679933665,0.29506437768240346,13.170031553469913,0.308516782150761,0.4151911044777453,0.0,0,cpu,0.003771553883413826,0.012116503754156847
catboost,alert,expanding,valid,4,9274,0.031917187836963554,0.42760837397938073,0.5202702702702703,0.3326133909287257,10.285309246926893,0.28888243834536126,0.5442264914257358,0.0,0,cpu,0.011812488136526423,0.015276987491899043
catboost,alert,expanding,holdout,0,21975,0.030716723549488054,0.4856429287460301,0.5140740740740741,0.31602914389799636,14.110559416791807,0.36900579521042765,0.5571879996137735,0.0,0,cpu,0.009474638780778455,0.011715134470986299
catboost,alert,expanding,holdout,1,20656,0.030644848954298993,0.405695786616754,0.4518167456556082,0.2771317829457364,13.23722855083269,0.31734950701452214,0.4520441176847291,33.98739379000017,1,cpu,0.005582088392293839,0.011867480489947282
catboost,alert,expanding,holdout,2,20508,0.03510825043885313,0.4476698241852951,0.49444444444444446,0.3473170731707317,14.69288374800078,0.2799754250167905,0.548322654119708,0.0,0,cpu,0.013839879340044454,0.012363240881608692
catboost,alert,expanding,holdout,3,17817,0.04130886232250098,0.5270355480883365,0.5597826086956522,0.46292134831460674,19.212144906100914,0.45242182404606496,0.5730457052738083,0.0,0,cpu,0.003448596822735676,0.01246793910308134
catboost,alert,expanding,holdout,4,7625,0.041836065573770495,0.49509394186191735,0.5297805642633229,0.4435695538057743,20.18072003567213,0.4301446566561259,0.5596299253473638,0.0,0,cpu,0.006465267143559059,0.0169072403934747
