origin,day,rows,amt_median,identity_rate,C9_median,amt_median_rolling_7d,amt_median_rolling_30d,identity_rate_rolling_7d,identity_rate_rolling_30d,C9_median_rolling_7d,C9_median_rolling_30d
train,1,5122,77.97,0.19250292854353768,1.0,77.97,77.97,0.19250292854353768,0.19250292854353768,1.0,1.0
train,2,3730,67.95,0.22654155495978553,1.0,72.96000000000001,72.96000000000001,0.20952224175166162,0.20952224175166162,1.0,1.0
train,3,3241,59.0,0.2761493366244986,1.0,68.30666666666667,68.30666666666667,0.2317312733759406,0.2317312733759406,1.0,1.0
train,4,4036,67.95,0.24975222993062438,1.0,68.2175,68.2175,0.23623651251461156,0.23623651251461156,1.0,1.0
train,5,3964,68.5,0.2969223007063572,1.0,68.274,68.274,0.2483736701529607,0.2483736701529607,1.0,1.0
train,6,3717,68.275,0.32553134248049503,1.0,68.27416666666666,68.27416666666666,0.26123328220754977,0.26123328220754977,1.0,1.0
train,7,3786,68.95,0.3623877443211833,1.0,68.37071428571429,68.37071428571429,0.27568391965235456,0.27568391965235456,1.0,1.0
train,8,3999,72.0,0.3508377094273568,1.0,67.51785714285714,68.824375,0.29830317406432877,0.2850781433742298,1.0,1.0
train,9,3907,67.95,0.3839262861530586,1.0,67.51785714285714,68.72722222222222,0.3207867070919392,0.29606127034965524,1.0,1.0
train,10,3445,59.0,0.4110304789550073,1.0,67.51785714285714,67.75450000000001,0.3400554417105832,0.30755819121019046,1.0,1.0
train,11,4319,68.5,0.4172262097707803,1.0,67.59642857142858,67.82227272727273,0.36398029597346265,0.317528011079335,1.0,1.0
train,12,4164,72.95,0.41474543707973105,1.0,68.23214285714286,68.24958333333335,0.38081217259823036,0.32562946324603464,1.0,1.0
train,13,4183,75.0,0.41788190294047334,1.0,69.19285714285714,68.76884615384617,0.39400510980679865,0.33272580476099145,1.0,1.0
train,14,4446,75.0,0.4217273954116059,1.0,70.05714285714285,69.21392857142858,0.4024822028197162,0.3390830612360354,1.0,1.0
train,15,5034,77.0,0.4408025427095749,0.0,70.77142857142857,69.733,0.415334321860033,0.345864360000938,0.8571428571428571,0.9333333333333333
train,16,4325,75.0,0.46635838150289016,0.0,71.77857142857142,70.0621875,0.42711033548143756,0.35339523634480996,0.7142857142857143,0.875
train,17,3805,60.224,0.48383705650459924,0.0,71.95342857142857,69.48347058823528,0.4375112751313792,0.36106828458950346,0.5714285714285714,0.8235294117647058
train,18,5585,82.95,0.5006266786034019,0.0,74.01771428571429,70.2316111111111,0.44942562782175377,0.3688215287013867,0.42857142857142855,0.7777777777777778
train,19,5526,87.95,0.5204487875497648,0.0,76.16057142857143,71.16415789473683,0.46452610646033005,0.3768019107460382,0.2857142857142857,0.7368421052631579
train,20,5749,97.0,0.5411375891459385,0.0,79.30342857142857,72.45595,0.48213406163253936,0.38501869466603317,0.14285714285714285,0.7
train,21,5677,100.0,0.541483177734719,0.0,82.87485714285715,73.76757142857143,0.49924203053584115,0.3924693843359706,0.0,0.6666666666666666
train,22,6852,97.975,0.5566258026853473,0.0,85.8712857142857,74.86790909090908,0.5157882105323801,0.39993103971548777,0.0,0.6363636363636364
train,23,5872,77.0,0.5568801089918256,0.0,86.15700000000001,74.96060869565217,0.5287198858879423,0.4067549122927198,0.0,0.6086956521739131
train,24,6065,77.0,0.6265457543281121,0.0,88.55357142857143,75.04558333333334,0.5491068427198728,0.41591286404419453,0.0,0.5833333333333334
train,25,5742,75.0,0.7241379310344828,0.0,87.41785714285713,75.04376,0.5810370216385986,0.42824186672380604,0.0,0.56
train,26,3458,59.233,0.43898207056101796,0.0,83.31542857142857,74.43565384615384,0.5693989192116348,0.42865495148677574,0.0,0.5384615384615384
train,27,3585,61.798,0.3698744769874477,1.0,78.28657142857143,73.9675925925926,0.5449327603318503,0.42647789687568954,0.14285714285714285,0.5555555555555556
train,28,3332,67.95,0.3427370948379352,1.0,73.708,73.75267857142856,0.516540462775167,0.4234871539457697,0.2857142857142857,0.5714285714285714
train,29,4302,75.0,0.2775453277545328,1.0,70.42585714285714,73.79568965517241,0.47667182349933634,0.4184546771805546,0.42857142857142855,0.5862068965517241
train,30,3371,67.95,0.27884900622960546,1.0,69.133,73.60083333333333,0.43695309453330483,0.41380115481552304,0.5714285714285714,0.6
train,31,2982,59.0,0.2676056338028169,1.0,66.56157142857143,72.96849999999999,0.38567593445826265,0.4163045783241656,0.7142857142857143,0.6
train,32,2387,59.0,0.2375366568914956,1.0,64.27585714285713,72.67016666666667,0.3161614667235502,0.4166710817218893,0.8571428571428571,0.6
train,33,3403,67.95,0.2259770790478989,1.0,65.52114285714285,72.96849999999999,0.2857321822216761,0.4149986731360027,1.0,0.6
train,34,4264,72.99,0.16158536585365854,1.0,67.11999999999999,73.13649999999998,0.25597659491684904,0.4120597776667705,1.0,0.6
train,35,3830,59.0,0.20052219321148826,1.0,65.84142857142857,72.81983333333332,0.2356601803987852,0.4088464407502749,1.0,0.6
train,36,3571,67.95,0.2212265471856623,1.0,64.83428571428571,72.809,0.22761464031751802,0.4053696142404471,1.0,0.6
train,37,3030,59.0,0.20396039603960395,1.0,63.55571428571428,72.47733333333333,0.21691626743323206,0.4000887026310611,1.0,0.6
train,38,2544,59.0,0.20479559748427673,1.0,63.55571428571428,72.044,0.20794340510201206,0.3952206322329584,1.0,0.6
train,39,3017,59.45,0.1925754060324826,1.0,63.62,71.76066666666665,0.2015203692650102,0.38884226956227247,1.0,0.6
train,40,2914,67.95,0.1719286204529856,1.0,63.62,72.059,0.1937991608943083,0.3808722076122051,1.0,0.6
train,41,2962,68.5,0.17319378798109386,1.0,62.97857142857142,72.059,0.19545750691251332,0.3727377935525489,1.0,0.6
train,42,2881,77.0,0.10725442554668518,1.0,65.55,72.19399999999999,0.18213354010325575,0.36248809316811403,1.0,0.6
train,43,3606,75.0,0.16084303937881309,1.0,66.55714285714285,72.19399999999999,0.1735073247022773,0.353920131049392,1.0,0.6
train,44,2786,59.736000000000004,0.16475233309404164,1.0,66.66228571428572,71.6852,0.16790617285291126,0.34535429563880654,1.0,0.6
train,45,2300,59.0,0.1865217391304348,1.0,66.66228571428572,71.0852,0.16529562165950523,0.3368782688528352,1.0,0.6333333333333333
train,46,2786,59.95,0.16403445800430724,1.0,66.73371428571429,70.58353333333334,0.1612183433697659,0.32680080473621576,1.0,0.6666666666666666
train,47,2971,59.95,0.14978121844496803,1.0,65.59085714285713,70.5744,0.15805442879719195,0.31566561013422806,1.0,0.7
train,48,3062,72.99,0.13128674069235793,1.0,66.23228571428571,70.2424,0.152067707755944,0.30335427887052663,1.0,0.7333333333333333
train,49,3053,67.95,0.15722240419259745,1.0,64.93942857142856,69.57573333333333,0.15920599041964573,0.29124673275862106,1.0,0.7666666666666667
train,50,3336,77.0,0.1711630695443645,1.0,65.22514285714286,68.90906666666666,0.16068028044329594,0.27891424877190196,1.0,0.8
train,51,2826,59.0,0.18577494692144372,1.0,65.11999999999999,67.5424,0.16368351099006767,0.2670573077447928,1.0,0.8333333333333334
train,52,2333,59.0,0.1937419631375911,1.0,65.11999999999999,66.24323333333334,0.16471497156251855,0.2549611797598676,1.0,0.8666666666666667
train,53,2908,67.95,0.1468363136176066,1.0,66.26285714285714,65.94156666666667,0.1622580937929899,0.24129305324739367,1.0,0.9
train,54,2798,59.0,0.1701215153681201,1.0,66.12714285714286,65.34156666666667,0.16516385049629734,0.22607891194872723,1.0,0.9333333333333333
train,55,2771,59.0,0.17466618549260196,1.0,64.12857142857142,64.80823333333333,0.17136091403918935,0.20776318709733121,1.0,0.9666666666666667
train,56,2789,59.0,0.20652563642882754,1.0,62.85,64.80046666666667,0.17840423293007937,0.20001463929292485,1.0,1.0
train,57,3274,67.95,0.17287721441661577,1.0,61.55714285714286,65.00553333333333,0.17864911076897236,0.19344806387389715,1.0,1.0
train,58,2681,59.0,0.1835136143230138,1.0,61.55714285714286,64.7072,0.178326063254911,0.18814061452339975,1.0,1.0
train,59,2402,59.0,0.22231473771856786,1.0,61.55714285714286,64.17386666666667,0.18240788819505052,0.18629959485553424,1.0,1.0
train,60,2932,59.0,0.17257844474761255,1.0,60.278571428571425,63.87553333333334,0.1860853354993371,0.18275724280613445,1.0,1.0
train,61,3111,64.046,0.17357762777242045,1.0,60.99942857142857,64.04373333333334,0.18657906584280856,0.1796229759384546,1.0,1.0
train,62,3057,67.95,0.18580307491004253,1.0,62.278,64.34206666666667,0.18817005004530007,0.17789852320573948,1.0,1.0
train,63,3975,77.0,0.15446540880503146,1.0,64.84942857142856,64.64373333333334,0.18073287467047208,0.17551480086431057,1.0,1.0
train,64,4317,77.338,0.1762798239518184,1.0,66.19057142857142,64.78866666666667,0.18121896174692959,0.17600461613424923,1.0,1.0
train,65,3209,59.95,0.1748208164537239,1.0,66.3262857142857,64.82033333333334,0.17997713347988817,0.1751479035756571,1.0,1.0
train,66,2584,59.0,0.17879256965944273,1.0,66.3262857142857,64.522,0.17375968090001317,0.17373343765811647,1.0,1.0
train,67,3223,59.0,0.17033819422897922,1.0,66.32628571428572,64.522,0.17343964511163695,0.1726126975977623,1.0,1.0
train,68,3158,63.97,0.14914502849905004,1.0,66.31542857142857,64.68766666666667,0.16994927378686978,0.1707576786315881,1.0,1.0
train,69,3130,68.5,0.16293929712460065,1.0,66.394,64.98933333333333,0.16668301981752093,0.16976980833465868,1.0,1.0
train,70,2913,59.0,0.22210779265362168,1.0,63.822571428571436,64.691,0.17634621751017668,0.1714424474080132,1.0,1.0
train,71,3267,67.95,0.21640648913376187,1.0,62.481428571428566,64.67266666666667,0.18207859825045428,0.17288287077976883,1.0,1.0
train,72,2744,59.0,0.19059766763848396,1.0,62.34571428571429,64.07266666666668,0.18433243413399145,0.17566097884949544,1.0,1.0
train,73,2304,59.0,0.22743055555555555,1.0,62.34571428571429,63.53933333333334,0.19128071783343614,0.17788056272205352,1.0,1.0
train,74,3122,59.0,0.19955156950672645,1.0,62.34571428571429,63.51480000000001,0.1954540571588286,0.17904053726914299,1.0,1.0
train,75,3054,63.95,0.21938441388343158,1.0,62.34285714285714,63.67980000000001,0.2054882550708831,0.18013595976090954,1.0,1.0
train,76,3456,68.5,0.2662037037037037,1.0,62.34285714285714,63.964800000000004,0.22024031315361212,0.18354160128422278,1.0,1.0
train,77,3006,59.0,0.21190951430472388,1.0,62.34285714285714,63.93313333333333,0.2187834162466267,0.18561254447954798,1.0,1.0
train,78,3166,61.789,0.22646873025900188,1.0,61.462714285714284,63.55976666666667,0.22022087926451814,0.18878527746510276,1.0,1.0
train,79,2688,59.0,0.20200892857142858,1.0,61.462714285714284,63.26143333333333,0.22185105939779595,0.19027816161106384,1.0,1.0
train,80,2204,58.95,0.20916515426497279,1.0,61.455571428571425,62.65976666666667,0.21924171635628412,0.19154489776841738,1.0,1.0
train,81,2863,59.0,0.1830247991617185,1.0,61.455571428571425,62.65976666666667,0.2168807491641401,0.19145322617642657,1.0,1.0
train,82,2970,59.0,0.17845117845117844,1.0,60.74842857142857,62.65976666666667,0.21103314410238966,0.19094353335354616,1.0,1.0
train,83,2934,67.067,0.1687116564417178,1.0,60.54371428571428,62.630333333333326,0.1971057087792488,0.1916727114476832,1.0,1.0
train,84,3350,82.95,0.18895522388059702,1.0,63.96514285714286,63.42866666666667,0.19382652443294496,0.19230050173143243,1.0,1.0
train,85,3574,82.0,0.19390039171796306,1.0,66.85242857142858,64.19533333333334,0.18917390464136805,0.19294164193894445,1.0,1.0
train,86,2661,73.95,0.19428786170612553,1.0,68.98814285714285,64.69366666666666,0.18807089508918187,0.1925337161148544,1.0,1.0
train,87,2549,75.0,0.18673989799921537,1.0,71.28099999999999,64.92866666666666,0.18486728705121652,0.19299580556760768,1.0,1.0
train,88,3021,77.95,0.13869579609400862,1.0,73.98814285714286,65.56033333333333,0.178534572327258,0.19150187829330753,1.0,1.0
train,89,3226,77.0,0.1633601983880967,1.0,76.55957142857142,66.16033333333334,0.17637871803253202,0.18953672698229182,1.0,1.0
train,90,3353,87.0,0.1550849985087981,1.0,79.40714285714284,67.09366666666666,0.17443205261354347,0.18895361210766468,1.0,1.0
train,91,4007,82.0,0.1679560768654854,1.0,79.27142857142857,67.69213333333333,0.17143217446852752,0.18876622707743354,1.0,1.0
train,92,6252,87.99,0.10412667946257198,1.0,80.12714285714286,68.36013333333334,0.15860735843204307,0.18604368056251783,1.0,1.0
train,93,4524,77.0,0.1206896551724138,1.0,80.56285714285715,68.36013333333334,0.14809332892722712,0.18491782210809726,1.0,1.0
train,94,2931,66.945,0.16308427157966565,1.0,79.41214285714285,68.0137,0.14471395372443435,0.18447797036235883,1.0,1.0
train,95,3711,77.0,0.13096200485044462,1.0,79.27642857142857,68.58203333333333,0.14360912640392517,0.18301600997558284,1.0,1.0
train,96,3243,80.721,0.1541782300339192,1.0,79.80799999999999,69.30606666666667,0.14229741663904266,0.1821955319880654,1.0,1.0
train,97,3102,72.95,0.16731141199226304,1.0,77.80085714285714,69.77106666666666,0.14404404713668054,0.18209463924684152,1.0,1.0
train,98,3666,77.95,0.16666666666666666,1.0,77.22228571428572,70.23706666666666,0.14385984567970642,0.18267869385242877,1.0,1.0
train,99,3301,77.0,0.17903665555892154,1.0,75.65228571428572,70.52040000000001,0.15456127083632779,0.1832152724669061,1.0,1.0
train,100,3052,69.975,0.14613368283093053,1.0,74.64871428571428,70.88623333333334,0.15819613193040163,0.1806828021394831,1.0,1.0
train,101,2500,59.0,0.1752,1.0,73.51371428571429,70.5879,0.15992695027616363,0.17930925250169102,1.0,1.0
train,102,3166,67.95,0.17277321541377133,1.0,72.22085714285714,70.88623333333332,0.16589998035663892,0.1787151040942006,1.0,1.0
train,103,3101,67.95,0.17542728152208964,1.0,70.39642857142857,71.18456666666665,0.16893555914066324,0.17698166162641846,1.0,1.0
train,104,3115,77.0,0.17495987158908508,1.0,70.975,71.78456666666666,0.17002819622592352,0.17616193836249702,1.0,1.0
train,105,3034,72.0,0.2079762689518787,1.0,70.125,72.0529,0.17592956798095383,0.17578166686477859,1.0,1.0
train,106,3221,67.067,0.23036324122943186,1.0,68.706,72.00513333333333,0.18326193736245533,0.17458698478230283,1.0,1.0
train,107,2809,63.95,0.2381630473478106,1.0,67.84528571428571,72.17013333333333,0.19640898943629534,0.1754621025504057,1.0,1.0
train,108,2287,59.0,0.2125054656755575,1.0,67.84528571428571,72.07716666666667,0.20173834167566065,0.17499666039762424,1.0,1.0
train,109,3151,69.95,0.1923198984449381,1.0,68.131,72.44216666666665,0.2045307249658274,0.17467369272674124,1.0,1.0
train,110,3018,67.95,0.16500994035785288,1.0,68.131,72.74216666666666,0.20304253337093642,0.17320185226317056,1.0,1.0
train,111,3180,72.97,0.16886792452830188,1.0,67.5552857142857,73.20783333333333,0.2021722552193959,0.1727299564420567,1.0,1.0
train,112,3225,59.755,0.222015503875969,1.0,65.806,73.23299999999999,0.2041778602085517,0.17418210062288306,1.0,1.0
train,113,3227,77.0,0.23303377750232415,1.0,67.22500000000001,73.5641,0.20455936539039343,0.1763261713249033,1.0,1.0
train,114,2758,62.052,0.2425670775924583,1.0,66.95385714285715,72.8675,0.20518851256820025,0.17811323311529867,1.0,1.0
train,115,2461,59.0,0.24055262088581877,1.0,66.95385714285715,72.10083333333334,0.20919524902680903,0.17966830742089382,1.0,1.0
train,116,3111,67.95,0.22790099646415943,1.0,66.66814285714285,71.90083333333332,0.21427826302955494,0.1807887452461616,1.0,1.0
train,117,3042,67.127,0.26528599605522685,1.0,66.55057142857143,71.6384,0.22860341384346552,0.18340694851469536,1.0,1.0
train,118,3179,59.0,0.255426234664989,1.0,64.55485714285714,71.00673333333333,0.24096888672013508,0.187297963133728,1.0,1.0
train,119,3300,67.95,0.2693939393939394,1.0,65.72557142857143,70.70506666666665,0.24773723465127365,0.19083242116725607,1.0,1.0
train,120,3941,81.446,0.18345597564070032,1.0,66.36071428571428,70.51993333333333,0.2406546915281846,0.19177812040498615,1.0,1.0
train,121,3017,75.0,0.18760357971494862,1.0,68.21042857142857,70.28659999999999,0.23280276325996893,0.19243303716663493,1.0,1.0
train,122,2507,59.0,0.22177901874750697,1.0,68.21042857142857,69.32026666666667,0.23012082009735296,0.19635478180946608,1.0,1.0
train,123,3390,77.95,0.15663716814159293,1.0,69.639,69.35193333333333,0.21994027319412918,0.19755303224177206,1.0,1.0
train,124,4202,77.95,0.13374583531651593,1.0,71.18514285714285,69.71876666666665,0.20114882166002765,0.19657508436633372,1.0,1.0
train,125,3467,75.374,0.15690798961638305,1.0,73.52428571428571,69.66456666666666,0.18707478665308389,0.19743995052519833,1.0,1.0
train,126,3051,73.0,0.18977384464110128,1.0,74.24571428571429,69.40720000000002,0.17570048740267843,0.19862647101210443,1.0,1.0
train,127,3335,73.95,0.17901049475262368,1.0,73.17485714285715,69.44053333333333,0.1750654187043818,0.19901644043744982,1.0,1.0
train,128,2507,63.95,0.17550857598723574,1.0,71.59628571428571,68.97386666666667,0.17333756102899422,0.19931117074813542,1.0,1.0
train,129,2348,59.0,0.20059625212947188,1.0,71.59628571428571,68.37386666666667,0.17031145151213206,0.20002982396715377,1.0,1.0
train,130,2807,62.95,0.16458852867830423,1.0,69.45342857142857,68.1397,0.1714473601602337,0.20064498549539955,1.0,1.0
train,131,2822,59.95,0.18072289156626506,1.0,66.88199999999999,68.17136666666667,0.17815836819591216,0.20082908188094173,1.0,1.0
train,132,2752,68.225,0.16787790697674418,1.0,65.86071428571428,68.18053333333334,0.17972549924739228,0.20066590493304082,1.0,1.0
train,133,2687,59.0,0.1935243766282099,1.0,63.86071428571428,67.8822,0.18026128953126497,0.20126914143657812,1.0,1.0
train,134,2937,73.5,0.195097037793667,1.0,63.79642857142858,67.76553333333334,0.18255936710855686,0.20194038031006423,1.0,1.0
train,135,2429,59.0,0.18773157678056812,1.0,63.089285714285715,67.3322,0.1843055100790329,0.20126555723768721,1.0,1.0
train,136,2048,59.0,0.2255859375,1.0,63.089285714285715,67.0633,0.18787546513196549,0.2011063137800395,1.0,1.0
train,137,2914,59.0,0.1602608098833219,1.0,62.525,66.8983,0.18725721958982516,0.19850957253122323,1.0,1.0
train,138,2846,59.0,0.18236120871398454,1.0,62.38928571428572,66.8983,0.18749126489664222,0.19750476396583744,1.0,1.0
train,139,2769,67.95,0.1668472372697725,1.0,62.35,66.83163333333333,0.18734402636707484,0.19665567525999858,1.0,1.0
train,140,2629,60.0,0.20197793837961203,1.0,62.49285714285714,66.56663333333333,0.18855167804584658,0.19788794186072386,1.0,1.0
train,141,3000,69.95,0.18633333333333332,1.0,61.98571428571428,66.46596666666667,0.18729972026579889,0.19847012215422494,1.0,1.0
train,142,2391,67.95,0.15725637808448348,1.0,63.26428571428571,66.73913333333334,0.18294612045207254,0.19631148462784206,1.0,1.0
train,143,2064,59.0,0.18604651162790697,1.0,63.26428571428571,66.13913333333333,0.1772976310417735,0.19474524243202815,1.0,1.0
train,144,2718,67.95,0.1434878587196468,1.0,64.54285714285713,66.33573333333334,0.1749014951612485,0.19144260180293446,1.0,1.0
train,145,2668,72.97,0.15967016491754124,1.0,66.53857142857143,66.8014,0.1716599174760423,0.18874651993732522,1.0,1.0
train,146,2990,75.0,0.17692307692307693,1.0,67.54571428571428,67.0364,0.1730993231408001,0.18704725595262248,1.0,1.0
train,147,2718,75.0,0.18543046357615894,1.0,69.68857142857144,67.29883333333333,0.17073539816887823,0.18438540486998692,1.0,1.0
train,148,3060,72.625,0.20718954248366014,1.0,70.07071428571429,67.753,0.1737148566189249,0.18277751513060927,1.0,1.0
train,149,2289,77.0,0.1402359108781127,1.0,71.36357142857143,68.05466666666668,0.17128336130372906,0.17847224751341503,1.0,1.0
train,150,2209,59.0,0.1706654594839294,1.0,71.36357142857143,67.30646666666668,0.16908606814030375,0.178045896974856,1.0,1.0
train,151,3101,72.99,0.18123186069009997,1.0,72.08357142857143,67.23946666666667,0.17447806842179706,0.17783350634069442,1.0,1.0
train,152,3896,77.0,0.13860369609856263,1.0,72.65928571428572,67.83946666666667,0.17146857287622866,0.17506099558572957,1.0,1.0
train,153,3105,67.95,0.178743961352657,1.0,71.65214285714286,67.50613333333334,0.17172869922331155,0.17579788869276505,1.0,1.0
train,154,3783,77.0,0.13851440655564368,1.0,71.93785714285714,67.47446666666666,0.16502640536323793,0.17595684106740264,1.0,1.0
train,155,3352,75.0,0.18287589498806683,1.0,72.27714285714286,67.462,0.16155302714958175,0.17682243791312544,1.0,1.0
train,156,2575,70.702,0.16310679611650486,1.0,71.37742857142857,67.3854,0.1648202964693521,0.17593353629563888,1.0,1.0
train,157,2259,59.0,0.18813634351482958,1.0,71.37742857142857,66.88706666666667,0.16731613704519496,0.1762377312543791,1.0,1.0
train,158,3048,59.0,0.18110236220472442,1.0,69.37885714285714,66.72206666666666,0.16729763726156982,0.17642419079496202,1.0,1.0
train,159,2845,62.218,0.18734622144112478,1.0,67.26714285714286,66.82933333333334,0.17426085516765014,0.17598252310535048,1.0,1.0
train,160,2878,67.95,0.21646977067407921,1.0,67.26714285714286,66.99600000000001,0.1796502564992819,0.17771189783854296,1.0,1.0
train,161,2854,67.95,0.23335669236159776,1.0,65.97428571428571,67.26266666666668,0.19319915447156105,0.17946635786505405,1.0,1.0
train,162,3233,77.0,0.25796473863284874,1.0,66.26,67.55516666666666,0.20392613213510136,0.18246925225359084,1.0,1.0
train,163,2880,63.414,0.2982638888888889,1.0,65.21885714285715,67.7023,0.22323428824544192,0.18596056932894683,1.0,1.0
train,164,2988,77.0,0.4042838018741633,1.0,67.79028571428572,67.81896666666667,0.2541124965824896,0.19293346146496335,1.0,1.0
train,165,3038,63.97,0.22317314022383147,1.0,68.50028571428571,67.98463333333333,0.2601226077280763,0.19411484691307215,1.0,1.0
train,166,2931,59.759,0.20709655407710678,1.0,68.149,68.00993333333334,0.26294408381893086,0.19349853413230905,1.0,1.0
train,167,3020,67.95,0.20364238410596028,1.0,68.14899999999999,68.30826666666667,0.2611116000234853,0.194944586606397,1.0,1.0
train,168,2948,67.505,0.2157394843962008,1.0,68.08542857142858,68.59176666666667,0.25859485602842863,0.1960571957958042,1.0,1.0
train,169,3191,67.136,0.20275775618928235,1.0,66.6762857142857,68.56463333333333,0.25070814425077625,0.19725421309312116,1.0,1.0
train,170,2409,59.0,0.2129514321295143,1.0,66.04571428571428,68.53130000000002,0.23852065042800846,0.19761999621811793,1.0,1.0
train,171,2795,89.453,0.3892665474060823,1.0,67.82471428571428,69.1814,0.23637532836113978,0.20438443668720954,1.0,1.0
train,172,3160,75.0,0.2417721518987342,1.0,69.40042857142858,69.41640000000001,0.239032330028983,0.2072016291476846,1.0,1.0
train,173,2866,59.0,0.20341939986043267,1.0,69.292,69.41640000000001,0.23850702228374385,0.2077807254221021,1.0,1.0
train,174,2837,75.0,0.1797673598872048,1.0,70.29914285714285,69.6514,0.23509630453820735,0.2089900421276874,1.0,1.0
train,175,2683,68.95,0.19008572493477452,1.0,70.50557142857143,69.5174,0.23143148175800357,0.2100038941282618,1.0,1.0
train,176,3032,75.0,0.2011873350923483,1.0,71.62899999999999,69.5174,0.23120713588701297,0.2108127027339042,1.0,1.0
train,177,2364,59.0,0.17554991539763112,1.0,71.62899999999999,68.98406666666666,0.22586406206817258,0.21048335112795327,1.0,1.0
train,178,2068,59.0,0.21711798839458413,1.0,67.27857142857142,68.5299,0.2012714107808157,0.21081429932498405,1.0,1.0
train,179,2177,59.0,0.16214974735875057,1.0,64.99285714285715,67.9299,0.189896781560818,0.21154476054100527,1.0,1.0
train,180,2618,75.0,0.18105423987776928,1.0,67.27857142857142,68.46323333333333,0.18670175870615183,0.21189105322079996,1.0,1.0
train,181,2739,77.0,0.17926250456370937,1.0,67.56428571428572,68.5969,0.186629636517081,0.21182540801658697,1.0,1.0
train,182,2754,77.95,0.18373275236020334,1.0,68.85,68.62856666666667,0.185722069006428,0.21332970989197497,1.0,1.0
test,213,2243,77.0,0.12572447614801605,1.0,77.0,77.0,0.12572447614801605,0.12572447614801605,1.0,1.0
test,214,2983,77.0,0.12470667113643982,1.0,77.0,77.0,0.12521557364222793,0.12521557364222793,1.0,1.0
test,215,3608,77.95,0.11086474501108648,1.0,77.31666666666666,77.31666666666666,0.12043196409851413,0.12043196409851413,1.0,1.0
test,216,2385,67.95,0.13417190775681342,1.0,74.975,74.975,0.12386695001308895,0.12386695001308895,1.0,1.0
test,217,2368,60.0,0.20523648648648649,1.0,71.97999999999999,71.97999999999999,0.14014085730776846,0.14014085730776846,1.0,1.0
test,218,2878,77.0,0.18519805420430854,1.0,72.81666666666666,72.81666666666666,0.14765039012385847,0.14765039012385847,1.0,1.0
test,219,2248,77.0,0.14991103202846975,1.0,73.41428571428571,73.41428571428571,0.14797333896737436,0.14797333896737436,1.0,1.0
test,220,2112,67.95,0.16145833333333334,1.0,72.12142857142857,72.73124999999999,0.153078175708134,0.14965896326311923,1.0,1.0
test,221,2460,74.47,0.1491869918699187,1.0,71.75999999999999,72.92444444444443,0.15657536438434527,0.14960652199720806,1.0,1.0
test,222,2534,59.0,0.17363851617995266,1.0,69.05285714285715,71.532,0.16554304597989758,0.15200972141548252,1.0,1.0
test,223,2537,63.97,0.19038234134804888,1.0,68.48428571428572,70.84454545454545,0.1735731079215026,0.1554981414093522,1.0,1.0
test,224,2525,67.95,0.17306930693069306,1.0,69.61999999999999,70.60333333333334,0.16897779655638925,0.15696240520279728,1.0,1.0
test,225,2924,77.0,0.1880984952120383,1.0,69.61999999999999,71.09538461538462,0.16939214527177926,0.15935748904966196,1.0,1.0
test,226,2476,67.95,0.19668820678513732,1.0,68.32714285714285,70.87071428571429,0.17607459880844603,0.1620239688879102,1.0,1.0
test,227,2040,59.0,0.19509803921568628,1.0,67.04857142857142,70.07933333333334,0.18088027107735358,0.16422890690976197,1.0,1.0
test,228,2833,78.97,0.24708789269325804,1.0,67.69142857142857,70.635,0.19486611405211637,0.16940759352123044,1.0,1.0
test,229,2785,82.95,0.2678635547576302,1.0,71.11285714285715,71.3594117647059,0.20832683384892745,0.17519912065278337,1.0,1.0
test,230,2769,82.95,0.20693391115926327,1.0,73.82428571428571,72.00333333333334,0.21069134382195803,0.17696216456981004,1.0,1.0
test,231,2566,75.0,0.22954014029618083,1.0,74.83142857142856,72.16105263157895,0.21875860573131342,0.17972942645014536,1.0,1.0
test,232,2688,76.06200000000001,0.19382440476190477,1.0,74.69742857142857,72.35610000000001,0.21957659280986577,0.1804341753657333,1.0,1.0
test,233,2272,67.95,0.19102112676056338,1.0,74.69742857142857,72.14628571428572,0.21876700994921242,0.18093831590834428,1.0,1.0
test,234,1970,59.0,0.17918781725888325,1.0,74.69742857142857,71.54872727272729,0.21649412109824057,0.18085874778791425,1.0,1.0
test,235,2444,64.42,0.1788052373158756,1.0,72.61885714285714,71.23878260869567,0.20673945604432875,0.1807694647239126,1.0,1.0
test,236,2567,67.95,0.20841449162446435,1.0,70.476,71.10175,0.19824673273959076,0.18192134084476885,1.0,1.0
test,237,2450,76.911,0.156734693877551,1.0,69.61328571428571,71.33412,0.19107541598506048,0.18091387496608013,1.0,1.0
test,238,2448,72.0,0.20383986928104575,1.0,69.18471428571429,71.35973076923077,0.187403948697184,0.1817956439781942,1.0,1.0
test,239,2723,68.95,0.2159383033419023,1.0,68.16871428571429,71.27048148148148,0.1905630770657551,0.1830601869175908,1.0,1.0
test,240,2241,68.95,0.22043730477465417,1.0,68.31157142857143,71.18760714285715,0.1947653882106252,0.1843950839839145,1.0,1.0
test,241,2075,59.0,0.22120481927710844,1.0,68.31157142857143,70.76734482758621,0.20076781707037167,0.18566438520092118,1.0,1.0
test,242,2579,67.95,0.23497479643272587,1.0,68.81585714285714,70.67343333333334,0.20879203980135028,0.18730806557531468,1.0,1.0
test,243,2699,69.964,0.18080770655798445,1.0,69.10357142857143,70.43890000000002,0.20484821336328168,0.18914417325564697,1.0,1.0
test,244,3357,87.95,0.12540959189752757,1.0,70.68057142857143,70.80390000000001,0.2003731987947069,0.18916760394768323,1.0,1.0
test,245,2587,77.95,0.156551990722845,1.0,71.53057142857143,70.80390000000001,0.19361778757210682,0.19069051213807517,1.0,1.0
test,246,3472,82.475,0.16100230414746544,1.0,73.46271428571428,71.28806666666667,0.1857697876871873,0.1915848586844303,1.0,1.0
test,247,2552,68.5,0.17280564263322884,1.0,73.39842857142857,71.57140000000001,0.17896526452412656,0.19050383055598835,1.0,1.0
test,248,2149,59.0,0.20055839925546767,1.0,73.39842857142857,70.97139999999999,0.17601577594960638,0.19101584205769362,1.0,1.0
test,249,2775,68.95,0.1589189189189189,1.0,73.5412857142857,70.70306666666666,0.16515065059049114,0.19131610495404192,1.0,1.0
test,250,2725,77.0,0.19889908256880734,1.0,74.54642857142858,71.00473333333333,0.16773513287775152,0.1925641299285577,1.0,1.0
test,251,2645,71.993,0.1882797731568998,1.0,72.26685714285715,70.92216666666666,0.17671658734337617,0.19386722263812378,1.0,1.0
test,252,2478,59.975,0.21509281678773204,1.0,69.699,70.95466666666667,0.18507956249550286,0.1952490326583831,1.0,1.0
test,253,2484,75.0,0.19122383252818034,1.0,68.63114285714286,71.32233333333333,0.18939692369274783,0.19527708236438748,1.0,1.0
test,254,1913,59.0,0.19289074751698904,1.0,67.274,71.02400000000002,0.19226622439042787,0.19593779705059733,1.0,1.0
test,255,1699,59.0,0.20835785756327252,1.0,67.274,70.42399999999999,0.1933804327201143,0.1966131091289718,1.0,1.0
test,256,2453,67.95,0.20179372197309417,1.0,67.13114285714285,70.42399999999999,0.19950540458499644,0.19678329296857033,1.0,1.0
test,257,2422,67.95,0.19240297274979357,1.0,65.8382857142857,70.72233333333332,0.1985773888965659,0.19669345741970728,1.0,1.0
test,258,2586,75.0,0.18020108275328692,1.0,66.26785714285714,70.59,0.19742329026747837,0.19446389708837492,1.0,1.0
test,259,2403,82.0,0.19808572617561382,1.0,69.41428571428571,70.55833333333334,0.1949937058943186,0.19213796946897435,1.0,1.0
test,260,2788,77.0,0.20050215208034433,1.0,69.7,70.36,0.19631918011605634,0.191923577499677,1.0,1.0
test,261,2209,67.95,0.1892258940697148,1.0,70.97857142857143,70.125,0.19579562962358857,0.19057976929212816,1.0,1.0
test,262,1829,59.0,0.1984691088026244,1.0,70.97857142857143,69.55626666666667,0.19438295122921032,0.19073459276015212,1.0,1.0
test,263,2453,72.0,0.16877293110476968,1.0,71.55714285714285,69.69126666666668,0.18966569539087821,0.1899929862382924,1.0,1.0
test,264,2399,65.95,0.17590662776156732,1.0,71.27142857142857,69.92293333333333,0.18730907467827446,0.18988361325504852,1.0,1.0
test,265,2491,77.0,0.18948213568847852,1.0,71.55714285714285,70.34226666666667,0.18863493938330184,0.1902395098674686,1.0,1.0
test,266,2204,77.0,0.18466424682395643,1.0,70.84285714285714,70.64393333333334,0.1867175851902079,0.189447835040785,1.0,1.0
test,267,2688,75.0,0.19196428571428573,1.0,70.55714285714285,70.58023333333334,0.1854978899950567,0.1906221547686762,1.0,1.0
test,268,2111,68.5,0.1833254381809569,1.0,70.63571428571429,70.46356666666667,0.18465496772523413,0.18993834039867322,1.0,1.0
test,269,1878,62.45,0.17305644302449413,1.0,71.12857142857142,70.24690000000001,0.18102458689978693,0.18850894505475962,1.0,1.0
test,270,2528,77.0,0.15466772151898733,1.0,71.84285714285714,70.51523333333334,0.1790095569589609,0.18631662561290405,1.0,1.0
test,271,2559,75.0,0.18640093786635403,1.0,73.13571428571429,71.04856666666667,0.18050874411678758,0.18515649623254563,1.0,1.0
test,272,2330,70.702,0.18240343347639484,1.0,72.236,71.1403,0.1794975009436328,0.18340411746733457,1.0,1.0
test,273,2386,77.0,0.2162615255658005,1.0,72.236,71.37483333333333,0.18401139790675333,0.18458591143426176,1.0,1.0
test,274,3541,82.95,0.16520756848347926,0.0,73.37171428571428,71.20816666666666,0.18018900973092386,0.18591251065379352,0.8571428571428571,0.9666666666666667
test,275,2685,77.0,0.13333333333333333,1.0,74.586,71.1765,0.17304728046697762,0.18513855540747645,0.8571428571428571,0.9666666666666667
test,276,2198,59.0,0.16196542311191992,1.0,74.09314285714287,70.39399999999999,0.1714628490508956,0.18517065937295826,0.8571428571428571,0.9666666666666667
test,277,2219,62.95,0.11086074808472285,1.0,72.086,70.209,0.1652047099888578,0.18310582955467472,0.8571428571428571,0.9666666666666667
test,278,2662,67.95,0.10781367392937641,1.0,71.07885714285713,70.50733333333332,0.15397795799786101,0.18001433871047168,0.8571428571428571,0.9666666666666667
test,279,2609,77.0,0.13453430433116137,1.0,71.97857142857143,70.77566666666668,0.14713951097711336,0.1792015182242131,0.8571428571428571,0.9666666666666667
test,280,2520,77.0,0.16150793650793652,1.0,71.97857142857143,70.77566666666667,0.13931756968313277,0.1779551466888507,0.8571428571428571,0.9666666666666667
test,281,2540,77.0,0.18543307086614172,1.0,71.12857142857142,70.94256666666666,0.14220692716637032,0.1778602566124921,1.0,0.9666666666666667
test,282,2104,77.0,0.17015209125475286,1.0,71.12857142857142,71.51006666666667,0.1474667497265731,0.17636223242805946,1.0,0.9666666666666667
test,283,1863,62.95,0.17444981213097155,1.0,71.69285714285714,71.10839999999999,0.1492502338721519,0.17580309841481917,1.0,0.9666666666666667
test,284,2496,75.0,0.15985576923076922,1.0,73.41428571428571,71.64173333333333,0.15624952260730135,0.17470193247194518,1.0,0.9666666666666667
test,285,2394,72.0,0.16374269005847952,1.0,73.99285714285715,72.07506666666667,0.16423938205431612,0.1732147602217854,1.0,0.9666666666666667
test,286,2585,62.95,0.22785299806576403,1.0,71.98571428571428,71.90839999999999,0.1775706240164022,0.17408340275820772,1.0,0.9666666666666667
test,287,2351,77.95,0.19183326244151425,1.0,72.12142857142857,72.24173333333333,0.18190281343548473,0.17406441241459844,1.0,0.9666666666666667
test,288,2769,77.0,0.21921271217045865,1.0,72.12142857142857,72.30839999999999,0.18672847647895854,0.17536480006183747,1.0,0.9666666666666667
test,289,2171,71.75,0.2022109626900046,1.0,71.37142857142857,71.96673333333334,0.1913083152554231,0.1755023079456505,1.0,0.9666666666666667
test,290,1937,59.0,0.20598864223025296,1.0,70.80714285714285,71.36673333333333,0.19581386241246332,0.1756851909506474,1.0,0.9666666666666667
test,291,2494,71.572,0.1760224538893344,1.0,70.31742857142856,71.48746666666668,0.19812338879225838,0.1752450762779681,1.0,0.9666666666666667
test,292,2496,59.0,0.18790064102564102,1.0,68.46028571428572,71.48746666666666,0.20157452464471,0.17489279401873536,1.0,0.9666666666666667
test,293,2469,73.5,0.22478736330498178,1.0,69.96742857142857,71.53746666666666,0.20113657682174108,0.17675994175874238,1.0,0.9666666666666667
test,294,2354,74.8215,0.18521665250637212,1.0,69.5205,71.83318333333334,0.2001913468310065,0.17707027591690258,1.0,0.9666666666666667
test,295,2618,77.0,0.19404125286478227,1.0,69.5205,71.83318333333334,0.19659542407305272,0.177222246489446,1.0,0.9666666666666667
test,296,2109,60.005,0.24798482693219534,1.0,67.84264285714286,71.26668333333333,0.20313454753622287,0.179332932493054,1.0,0.9666666666666667
test,297,1828,59.0,0.21389496717724288,1.0,67.84264285714286,70.73335,0.20426402252864997,0.18006395520848587,1.0,0.9666666666666667
test,298,2212,72.0,0.19936708860759494,1.0,67.90378571428572,70.85001666666668,0.20759897034554434,0.1805986768893738,1.0,0.9666666666666667
test,299,2247,64.185,0.2105028927458834,1.0,68.64450000000001,70.90785000000001,0.21082786344843613,0.1818468918800868,1.0,0.9666666666666667
test,300,2387,67.95,0.24549643904482615,1.0,67.85164285714286,70.60618333333333,0.21378630283984243,0.18487451579761474,1.0,0.9666666666666667
test,301,2472,59.0,0.279126213592233,1.0,65.59142857142857,70.07285,0.22720195442353686,0.18796535832181072,1.0,0.9666666666666667
test,302,2926,73.00999999999999,0.2679425837320574,1.0,65.02142857142857,70.14978333333333,0.2377592874045762,0.1908166633303328,1.0,0.9666666666666667
test,303,2436,59.0,0.2680623973727422,1.0,64.87785714285714,69.54978333333334,0.24062751175322575,0.19254335905723086,1.0,0.9666666666666667
test,304,2137,59.0,0.25362657931679927,1.0,64.87785714285714,68.75144999999999,0.24630345634459094,0.19549065941834154,1.0,1.0
test,305,3200,76.2255,0.2175,1.0,65.4815,68.72563333333332,0.24889387225779164,0.1982962149738971,1.0,1.0
test,306,2973,60.0,0.18970736629667004,1.0,64.88364285714286,68.75896666666668,0.24592308276504687,0.19922094641338875,1.0,1.0
test,307,3022,75.0,0.171409662475182,1.0,65.89078571428571,69.16063333333334,0.23533925754081197,0.2012392435597374,1.0,1.0
test,308,2846,59.0,0.24455375966268447,1.0,65.89078571428571,68.86229999999999,0.2304003355508765,0.20579724641751435,1.0,1.0
test,309,2994,67.95,0.24849699398797595,1.0,65.16792857142858,68.56063333333333,0.22762239415886487,0.20959600273940815,1.0,1.0
test,310,2065,59.0,0.24552058111380146,1.0,65.16792857142858,67.96063333333333,0.2244021346933019,0.2123964242262703,1.0,1.0
test,311,2225,57.95,0.2966292134831461,1.0,65.01792857142857,67.32563333333333,0.23054536814563714,0.2161029623135038,1.0,1.0
test,312,2566,59.0,0.24123148869836322,1.0,62.55714285714286,66.72563333333333,0.2339355808168319,0.21847227556162413,1.0,1.0
test,313,2626,59.0,0.26504188880426505,1.0,62.41428571428571,66.59396666666666,0.24469765546077404,0.2214920114507339,1.0,1.0
test,314,2593,59.0,0.23871962977246433,1.0,60.128571428571426,66.06063333333333,0.2543133650746715,0.22412080680212376,1.0,1.0
test,315,2571,59.0,0.26409957215091406,1.0,60.128571428571426,65.6273,0.25710562400156145,0.22746603620520492,1.0,1.0
test,316,2892,59.0,0.27558782849239283,1.0,58.85,65.49563333333333,0.26097574321647815,0.22905719721942586,1.0,1.0
test,317,2331,59.0,0.27927927927927926,1.0,58.85,64.86396666666666,0.26579841438297497,0.23197206444735138,1.0,1.0
test,318,2078,57.95,0.2993262752646776,1.0,58.85,64.22896666666666,0.26618370892319376,0.234642516550492,1.0,1.0
test,319,2695,59.0,0.25120593692022264,1.0,58.85,63.80396666666666,0.2676086300977451,0.23627568235816596,1.0,1.0
test,320,2854,59.0,0.251927119831815,1.0,58.85,63.80396666666666,0.2657350916731093,0.23780696494488468,1.0,1.0
test,321,2768,59.0,0.25397398843930635,1.0,58.85,63.3849,0.26791428576837256,0.24040534942988376,1.0,1.0
test,322,2616,59.0,0.28287461773700306,1.0,58.85,63.3849,0.2705964351378138,0.24357114865359583,1.0,1.0
test,323,2775,65.0,0.2944144144144144,1.0,59.707142857142856,63.10156666666667,0.2732859474123884,0.2458920503572436,1.0,1.0
test,324,2176,59.0,0.2743566176470588,1.0,59.707142857142856,62.57418333333333,0.27258271003635687,0.24886338252859982,1.0,1.0
test,325,2039,57.95,0.29671407552721923,1.0,59.707142857142856,61.93918333333333,0.27220953864529135,0.252285809950681,1.0,1.0
test,326,2638,59.0,0.24715693707354056,1.0,59.707142857142856,61.90568333333333,0.27163111009576535,0.2522582136220592,1.0,1.0
test,327,2603,59.0,0.2819823280829812,1.0,59.707142857142856,61.90568333333333,0.27592471127450335,0.25452779231891715,1.0,1.0
test,328,2596,59.0,0.2842835130970724,1.0,59.707142857142856,61.47235,0.28025464336846995,0.25735833980189976,1.0,1.0
test,329,2641,59.0,0.29344945096554337,1.0,59.707142857142856,61.29951666666667,0.28176533382969,0.26012322507588836,1.0,1.0
test,330,2798,59.0,0.2416011436740529,1.0,58.85,61.00118333333333,0.2742205808667812,0.2599933818968626,1.0,1.0
test,331,2344,59.0,0.25341296928327645,1.0,58.85,61.00118333333333,0.2712286311005266,0.25913627375323073,1.0,1.0
test,332,2014,59.0,0.2646474677259186,1.0,59.0,60.53418333333334,0.2666476871289122,0.2590264365530261,1.0,1.0
test,333,2641,62.95,0.21885649375236652,1.0,59.56428571428571,60.66585,0.26260476665445875,0.25738623976568026,1.0,1.0
test,334,2810,59.0,0.3281138790035587,0.0,59.56428571428571,60.66585,0.2691949882145413,0.2598691497552389,0.8571428571428571,0.9666666666666667
test,335,2687,70.395,0.2917752139933011,1.0,61.192142857142855,60.4715,0.2702652311997168,0.2623449902216823,0.8571428571428571,0.9666666666666667
test,336,3600,77.0,0.22027777777777777,1.0,63.763571428571424,61.038166666666676,0.259812135030036,0.2633640039377192,0.8571428571428571,0.9666666666666667
test,337,3635,77.0,0.20825309491059146,1.0,66.335,61.10483333333333,0.2550481280638272,0.26459211835223284,0.8571428571428571,0.9666666666666667
test,338,2732,68.225,0.212298682284041,1.0,67.65285714285713,61.41233333333333,0.24917465849250786,0.26351694910627804,0.8571428571428571,0.9666666666666667
test,339,2299,59.0,0.26489778164419314,1.0,67.65285714285714,61.114,0.24921041762368992,0.26406364202815197,0.8571428571428571,0.9666666666666667
test,340,2847,66.675,0.22795925535651562,1.0,68.185,61.36983333333333,0.25051081213856835,0.2634782645029091,0.8571428571428571,0.9666666666666667
test,341,2722,66.95,0.24099926524614254,1.0,69.32071428571429,61.66983333333333,0.2380658673160804,0.261623932895009,1.0,0.9666666666666667
test,342,2540,60.739999999999995,0.23385826771653542,1.0,67.94142857142857,61.72783333333333,0.22979201784797101,0.26137815886228144,1.0,0.9666666666666667
test,343,2411,59.0,0.27457486520116137,1.0,65.36999999999999,61.72783333333333,0.2375487446227401,0.261695924742178,1.0,0.9666666666666667
test,344,2888,67.95,0.24861495844875348,1.0,64.07714285714285,62.02616666666667,0.24331472512819183,0.2620257690313876,1.0,0.9666666666666667
test,345,2424,59.0,0.26567656765676567,1.0,62.75928571428572,62.02616666666666,0.2509401373242953,0.26207833554824933,1.0,0.9666666666666667
test,346,2060,59.0,0.283495145631068,1.0,62.75928571428572,62.02616666666667,0.2535969036081346,0.26234191278620517,1.0,0.9666666666666667
test,347,2458,59.0,0.25508543531326283,1.0,61.66285714285714,62.02616666666667,0.2574720721733842,0.2615354513206713,1.0,0.9666666666666667
test,348,2565,59.0,0.24288499025341131,1.0,60.527142857142856,62.06116666666667,0.2577414614601369,0.25965407515362904,1.0,0.9666666666666667
test,349,2711,59.0,0.2559940981187754,1.0,60.278571428571425,62.06116666666667,0.26090372294617115,0.2598136805269141,1.0,0.9666666666666667
test,350,2896,71.9045,0.2641574585635359,1.0,62.122071428571424,62.49131666666667,0.25941552199793894,0.2602213584846382,1.0,0.9666666666666667
test,351,3116,64.8135,0.30198973042362004,1.0,61.67399999999999,62.685100000000006,0.26704048942291986,0.2618218832174486,1.0,0.9666666666666667
test,352,2727,59.0,0.3146314631463146,1.0,61.67399999999999,62.685100000000006,0.2740340459214269,0.2628804447310923,1.0,0.9666666666666667
test,353,2343,59.0,0.30089628681177977,1.0,61.67399999999999,62.4851,0.2765199232329571,0.2630965071443378,1.0,0.9666666666666667
test,354,3034,59.0,0.3009228740936058,1.0,61.67399999999999,62.4851,0.2830681287730061,0.26398204902588934,1.0,0.9666666666666667
test,355,2740,63.5145,0.27846715328467153,1.0,62.318928571428565,62.67058333333334,0.288151294920329,0.2633738182844711,1.0,0.9666666666666667
test,356,2975,67.95,0.2564705882352941,1.0,63.597500000000004,62.968916666666665,0.28821936493697453,0.2636842733231962,1.0,0.9666666666666667
test,357,2041,59.0,0.3032827045565899,1.0,61.754,62.96891666666667,0.2938086857931251,0.2643942858723165,1.0,0.9666666666666667
test,358,2532,59.0,0.3412322274881517,1.0,60.9235,62.96891666666667,0.2994147568023439,0.2662925763520192,1.0,0.9666666666666667
test,359,2406,59.0,0.3341645885286783,1.0,60.9235,62.96891666666667,0.30220520328553874,0.2676497476041237,1.0,0.9666666666666667
test,360,2219,59.0,0.32897701667417756,1.0,60.9235,62.96891666666667,0.3062167361230241,0.27056227670412786,1.0,0.9666666666666667
test,361,3309,79.309,0.41523118766999095,1.0,63.82478571428572,63.64588333333333,0.3225464952053649,0.27595621731701836,1.0,0.9666666666666667
test,362,3147,67.95,0.39021290117572294,1.0,64.45842857142857,63.94421666666667,0.3385101734755151,0.2801417317653451,1.0,0.9666666666666667
test,363,2855,65.0,0.31418563922942205,1.0,64.03699999999999,64.01254999999999,0.3467551807603905,0.2833193699479137,1.0,0.9666666666666667
test,364,2788,63.291,0.3131276901004304,1.0,64.64999999999999,64.15558333333333,0.3481616072666534,0.28281983031780933,1.0,1.0
test,365,3784,75.0,0.2806553911205074,1.0,66.93571428571428,64.30908333333333,0.33950777349984707,0.28244916955538296,1.0,1.0
test,366,3330,75.0,0.28378378378378377,1.0,69.22142857142858,64.24241666666666,0.3323105156791479,0.28456603642224987,1.0,1.0
test,367,2934,60.0,0.34117246080436264,1.0,69.36428571428571,63.67575,0.33405272198346,0.2889966819520422,1.0,1.0
test,368,4166,77.0,0.29212674027844454,1.0,69.03442857142856,63.96825,0.31646637235609626,0.2916576172185223,1.0,1.0
test,369,3841,75.0,0.2965373600624837,1.0,70.04157142857143,64.50158333333333,0.3030841521970621,0.2927122698324653,1.0,1.0
test,370,3177,59.0,0.35631098520616933,1.0,69.18442857142857,64.24575,0.30910205876516883,0.29699066082745385,1.0,1.0
test,371,3199,59.0,0.37918099406064393,1.0,68.57142857142857,63.98075000000001,0.31853824504519934,0.30159671845460384,1.0,1.0
test,372,3630,68.95,0.3683195592286501,1.0,67.70714285714286,64.25441666666667,0.3310616976320769,0.3060787615050077,1.0,1.0
test,373,3086,59.0,0.4121840570317563,1.0,65.42142857142856,64.25441666666667,0.34940459381035865,0.3106657345660275,1.0,1.0
test,374,2778,59.0,0.43664506839452844,1.0,65.27857142857142,63.95608333333334,0.3630435377518109,0.31693340489755334,1.0,1.0
test,375,3496,61.6535,0.4236270022883295,1.0,63.086214285714284,64.04453333333333,0.38182928946750877,0.32219841938527216,1.0,1.0
test,376,3611,73.97,0.4156743284408751,1.0,62.939071428571424,64.54353333333333,0.39884885637870754,0.32660439214559905,1.0,1.0
test,377,3454,75.0,0.40011580775911987,1.0,65.22478571428572,65.07686666666667,0.40510668817198614,0.33143873789379424,1.0,1.0
test,378,3381,72.915,0.42945874001774625,1.0,67.21264285714285,65.54069999999999,0.4122892233087151,0.33765786288593874,1.0,1.0
test,379,3872,76.28399999999999,0.44266528925619836,1.0,68.26035714285715,66.11683333333332,0.4229100418840791,0.3438802359238528,1.0,1.0
test,380,3457,59.021,0.4463407578825571,1.0,68.26335714285715,65.68738333333333,0.42778957057705064,0.3499530125678202,1.0,1.0
test,381,3175,59.0,0.46771653543307085,1.0,68.26335714285715,65.49359999999999,0.4322283515825567,0.35547723940146864,1.0,1.0
test,382,4382,67.95,0.5061615700593336,0.0,69.16285714285713,65.79193333333335,0.4440190041212716,0.36186157629856924,0.8571428571428571,0.9666666666666667
test,383,4719,78.97,0.5350709896164442,0.0,69.87714285714286,66.4576,0.46107567000349575,0.3696673997253914,0.7142857142857143,0.9333333333333333
test,384,4801,88.5,0.5423870027077692,0.0,71.80571428571429,67.44093333333335,0.4814001264247314,0.37771620401253014,0.5714285714285714,0.9
test,385,4930,84.896,0.5858012170385396,0.0,73.5172857142857,68.15365,0.5037347659991304,0.38796067280432583,0.42857142857142855,0.8666666666666667
test,386,5736,97.0,0.5866457461645747,0.0,76.47671428571428,69.12198333333332,0.524303402700327,0.3989665114019685,0.2857142857142857,0.8333333333333334
test,387,4702,75.0,0.5674181199489579,0.0,78.75942857142857,69.65531666666666,0.5416001687098129,0.4077710252483807,0.14285714285714285,0.8
test,388,4422,75.0,0.5999547715965626,0.0,81.04514285714286,70.18865,0.5604913453045973,0.4163951100519944,0.0,0.7666666666666667
test,389,6784,92.0,0.6696639150943396,0.0,84.48085714285715,71.28864999999999,0.583848823166741,0.42757842093751647,0.0,0.7333333333333333
test,390,5387,75.0,0.7492110636718025,0.0,83.91371428571428,71.82198333333332,0.6144402623175066,0.4415862225041039,0.0,0.7
test,391,3537,59.0,0.4679106587503534,0.0,79.69942857142857,71.14501666666666,0.6038007846093043,0.4433422048734493,0.0,0.6666666666666666
test,392,3264,59.021,0.4025735294117647,1.0,76.003,70.84738333333334,0.5776254006626222,0.44375422581465074,0.14285714285714285,0.6666666666666666
test,393,3551,67.95,0.37904815544916926,1.0,71.853,70.94571666666666,0.5479686019889928,0.4459163096886423,0.2857142857142857,0.6666666666666666
test,394,3082,59.0,0.399740428293316,1.0,69.56728571428572,70.80268333333333,0.5240146460381868,0.44880340096173854,0.42857142857142855,0.6666666666666666
test,395,2514,57.95,0.3814638027048528,1.0,67.13157142857143,70.23434999999999,0.4928016504822283,0.4521636813478834,0.5714285714285714,0.6666666666666666
