feature,importance
V258,539305.995765686
C13,162646.2421426773
V70,158292.7591791153
D1n,152735.67533779144
C14,146933.22757148743
card1,121015.6158361435
card2,120253.03003883362
C1,118991.7208147049
V294,114481.58845233917
D2n,105994.96720504761
TransactionAmt,105086.00958538055
D15n,91671.91866016388
C5,90225.04945087433
addr1,89807.4939289093
D10n,76119.75806427002
V317,67431.84955024719
D2,57138.486364364624
C11,56950.499225616455
P_emaildomain_label,52019.603576660156
V91,50213.69417190552
card5,47884.58874320984
card6_freq,45262.689683914185
C6,41875.9672203064
V312,41727.69682216644
C4,41168.3471031189
C2,40658.8578004837
C8,39418.21938705444
D15,38567.113426208496
V308,37627.92782688141
D4,36489.74491596222
card6_label,36466.0507774353
card3,35033.18567943573
V187,33947.6548500061
dist1,31379.171197891235
D10,31067.06965637207
V257,30920.038801193237
V283,30328.824571609497
C10,28156.678261756897
D3,27934.02491092682
D8,26006.717898368835
P_emaildomain_freq,25690.388438224792
TransactionAmt_log1p,24667.453317642212
M4_freq,23507.96035003662
id_02,23311.85682106018
M4_label,22985.265579223633
C9,22753.158848762512
DeviceInfo_label,22478.25645828247
V45,22356.163423538208
R_emaildomain_label,21174.699871063232
D1,20666.762917518616
DT_hour,19119.628750801086
ProductCD_label,18593.83443260193
V54,18593.302710533142
M6_freq,18144.40199279785
D11,18082.24579334259
id_20,16879.182364940643
M5_freq,16629.54161643982
M5_label,15698.029711723328
V310,15158.47503566742
V62,14763.721846580505
D5,13203.992517471313
V189,12949.691730499268
V83,12486.636179924011
id_01,12453.195174217224
V285,12321.569045066833
V313,12307.966103553772
V87,12055.5093832016
V53,11707.352029800415
V320,11428.649942398071
V307,11112.426106452942
V201,11036.23316192627
DeviceInfo_freq,10921.87742805481
V61,10770.008666992188
V82,10429.3809633255
V67,10369.881880760193
id_13,10318.312859535217
V315,10174.430275917053
id_19,10112.907088279724
ProductCD_freq,9993.607754707336
C12,9662.838686943054
id_05,9419.025603294373
V165,8974.312254428864
V295,8538.08791732788
V156,8440.989528656006
V311,8371.737584114075
V314,8352.525337219238
id_17,8283.786256790161
dist2,8277.430151939392
id_06,8195.106712341309
V38,8193.84616279602
M6_label,7995.537699699402
M3_label,7498.683707237244
V55,7356.77201461792
card4_label,7086.806568622589
addr2,7073.391305923462
D13,7046.723216056824
V76,6901.493546485901
V281,6840.182769775391
V149,6666.692405700684
id_14,6307.775412559509
D6,6304.202477455139
missing_D_count,6195.61358833313
V309,5917.193130493164
V13,5830.390685081482
V12,5546.059031486511
id_09,5449.254997253418
missing_V_count,5426.556712150574
id_32,5327.986919403076
DeviceType_freq,5171.629222869873
id_18,5050.992088317871
V49,4918.460748672485
V133,4796.873553276062
V75,4756.974719047546
V136,4689.286510467529
card4_freq,4545.274892807007
V130,4538.776791572571
V35,4451.1377992630005
V243,4446.9599609375
V20,4202.201593399048
R_emaildomain_freq,4197.964616775513
V30,4174.733123779297
V56,4108.473488807678
D9,3994.827666282654
C3,3883.5666875839233
V102,3829.971912384033
D14,3756.80420589447
V131,3698.431950569153
V163,3659.3897819519043
V90,3633.110662460327
V160,3598.867702484131
V335,3588.522424697876
id_03,3536.146287918091
V152,3437.0016746520996
TransactionAmt_outlier_iqr,3345.575258255005
V336,3339.7848386764526
V296,3308.3014850616455
V37,3244.1750078201294
V326,3199.1096267700195
V19,3197.2400817871094
V262,3034.92533493042
V280,2998.8822689056396
V36,2952.8384017944336
missing_core_count,2951.855400085449
V5,2886.8298482894897
V141,2842.768623352051
V77,2840.737635612488
V244,2793.081123352051
missing_id_count,2659.2510900497437
V78,2646.4038887023926
V96,2628.2386054992676
V86,2594.3921184539795
D12,2437.3803005218506
V161,2411.238998413086
V128,2319.509192466736
V126,2282.2196102142334
V267,2245.0129203796387
V286,2210.212978363037
V291,2204.3882026672363
V23,2202.074712753296
V169,2198.498523712158
V261,2190.390480995178
V268,2171.1153602600098
V318,2158.592025756836
V145,2130.0284700393677
V47,2116.7562942504883
V99,2079.859498977661
V24,2004.348196029663
V124,1990.4457998275757
V157,1968.551941871643
V44,1936.939721107483
V29,1917.756700515747
V210,1912.0988855361938
V139,1910.7085676193237
V234,1883.6724014282227
V48,1882.9803085327148
V164,1846.914179801941
V2,1823.919822692871
M9_freq,1804.1095924377441
V282,1799.273796081543
V143,1797.57320022583
V66,1788.0400142669678
V272,1786.9380025863647
V321,1783.8379878997803
V287,1766.9105892181396
V266,1764.8413019180298
V214,1758.707670211792
V289,1743.8392944335938
M2_label,1733.7600021362305
V11,1709.6697788238525
V205,1689.5873203277588
V217,1686.8725776672363
V332,1669.2377080917358
V79,1660.8657779693604
V129,1653.6564979553223
DeviceType_label,1615.3741989135742
M9_label,1594.4544105529785
V224,1577.3082962036133
V225,1561.7291851043701
V150,1553.3662014007568
V298,1544.9889030456543
V270,1525.967290878296
V64,1466.5284061431885
V221,1437.1178131103516
M7_label,1436.504695892334
V127,1421.4419975280762
V69,1413.8059902191162
V316,1386.9016971588135
V59,1373.9544734954834
V81,1357.1054000854492
V10,1322.5583992004395
id_11,1312.7560958862305
V259,1303.0007019042969
M3_freq,1232.487979888916
D7,1209.3194999694824
V200,1180.349980354309
V74,1168.3695907592773
V6,1167.7755889892578
V63,1158.4933242797852
V26,1148.7808856964111
V327,1120.27001953125
V323,1081.2052822113037
V207,1070.0053100585938
V51,1065.5432929992676
V231,1065.233715057373
V319,1060.4957885742188
V331,1053.1890869140625
M8_label,1038.652198791504
V203,1023.4544887542725
V306,1023.3721008300781
V251,972.8762760162354
V263,964.7161998748779
V324,952.5690078735352
V170,945.3976192474365
V275,931.1204948425293
V271,929.9207954406738
V172,922.2729797363281
V159,920.7236938476562
V4,912.6859045028687
V60,901.5092697143555
id_04,887.8745942115784
V33,879.7347011566162
V184,855.1414051055908
V338,855.0162010192871
V52,844.4258937835693
V265,834.5611982345581
V115,812.1881103515625
V223,800.9449043273926
C7,796.8325653076172
V209,771.0346908569336
V220,717.5841131210327
V215,703.1869926452637
V245,691.6415004730225
V171,690.4922142028809
V42,671.222204208374
V339,655.2824974060059
V140,643.2670955657959
V135,637.9682064056396
V216,636.1545944213867
V132,633.9161949157715
V25,620.6024923324585
V219,608.8629999160767
V253,606.1462898254395
V293,605.1004972457886
V300,601.6059989929199
V137,592.9266948699951
V206,582.0182933807373
V254,573.8480224609375
V277,550.8559017181396
V39,547.6915950775146
V330,545.8574905395508
V264,542.5668983459473
V166,537.244402885437
V168,526.6839904785156
V230,525.0017051696777
V208,523.2102012634277
V103,510.8449935913086
V40,508.6892042160034
V180,489.2547969818115
V7,485.75878715515137
V58,473.72649002075195
V34,471.51270294189453
V43,465.7515048980713
V109,455.92409324645996
V177,443.60699462890625
V50,438.43589782714844
V85,427.6386070251465
V213,427.1291027069092
V105,424.9526023864746
V228,418.41858673095703
V92,415.6830139160156
V276,412.07870864868164
id_25,410.8869972229004
V227,408.7765007019043
V204,401.07440757751465
V329,388.1916046142578
V94,375.1343002319336
id_10,368.3906011581421
id_07,366.2343416213989
V301,359.5559730529785
V256,358.46180057525635
V279,356.68856716156006
V167,355.82129859924316
V249,354.70660400390625
V73,353.769700050354
V3,350.6399974822998
V232,349.90670585632324
V278,343.8059940338135
V80,341.4393005371094
V333,336.2182140350342
M8_freq,335.73380279541016
V123,334.6075897216797
id_08,325.7989959716797
V274,318.9871997833252
V273,318.7109069824219
M7_freq,312.2950019836426
V212,311.1532974243164
id_24,306.2186031341553
V337,304.2135124206543
V16,294.60950469970703
V288,293.12519359588623
V202,292.10980224609375
V72,274.50660133361816
V192,274.0500030517578
V46,263.7494888305664
V260,258.17939949035645
V226,250.331298828125
V292,246.39849853515625
V57,242.5807991027832
V175,242.39800262451172
V222,240.8939971923828
V218,237.5747995376587
V108,229.7372760772705
V8,228.12469863891602
V229,225.25609970092773
V9,225.01919746398926
V134,224.31869888305664
V154,221.32699584960938
V233,204.94839763641357
V299,203.41720294952393
V146,202.36439895629883
V246,197.3140048980713
V290,196.19124507904053
V182,194.93299865722656
V151,194.02059936523438
V303,181.3107032775879
V97,178.4871997833252
id_21,178.20731830596924
V118,177.9758996963501
V334,173.63780212402344
V15,172.30039978027344
V144,158.8685007095337
V179,154.7917022705078
V142,153.88700103759766
V176,152.30299758911133
V248,149.54879760742188
V147,144.76950359344482
V239,143.44979858398438
V95,142.77869987487793
M2_freq,137.92539978027344
V181,128.62699699401855
V173,122.46329689025879
V93,121.33420181274414
V199,119.31489944458008
V211,116.0846996307373
V162,109.35199737548828
V101,103.1709976196289
V250,97.4984016418457
V235,95.36809921264648
V98,91.51469993591309
M1_label,90.03479766845703
V297,85.94779777526855
V100,83.96090316772461
V178,80.74539947509766
id_26,80.6225004196167
V71,80.38020324707031
V119,71.04389953613281
V236,70.10190010070801
V322,69.61959838867188
V255,65.99189949035645
V158,62.829490661621094
V193,62.010501861572266
V84,58.00500011444092
V302,54.405500411987305
V328,48.55220031738281
id_22,47.290300369262695
V191,47.27389907836914
V197,46.99820041656494
V185,44.38330078125
V304,44.02969932556152
V114,40.87540054321289
V188,37.17679977416992
V174,36.40190124511719
V112,36.33440017700195
V106,31.756900787353516
V148,26.494300842285156
V237,25.701099395751953
V120,25.508399963378906
V186,25.316999435424805
V269,20.91710090637207
V110,19.49519920349121
V125,17.937599182128906
V252,15.637900352478027
V22,11.895000457763672
V183,11.886300086975098
M1_freq,0.0
V14,0.0
V65,0.0
V190,0.0
V196,0.0
V195,0.0
V194,0.0
V198,0.0
V122,0.0
V121,0.0
V247,0.0
V241,0.0
V240,0.0
V238,0.0
V242,0.0
V138,0.0
V155,0.0
V153,0.0
V41,0.0
V117,0.0
V116,0.0
V113,0.0
V284,0.0
V107,0.0
V325,0.0
V305,0.0
V111,0.0
V28,0.0
V31,0.0
V18,0.0
V17,0.0
V27,0.0
V89,0.0
V88,0.0
V32,0.0
V104,0.0
V21,0.0
V68,0.0
has_identity,0.0
V1,0.0
