decision,evidence,modeling_impact
Usar PR-AUC como metrica principal,Fraude en train = 3.50%; accuracy seria enganosa.,"Reportar PR-AUC, recall, precision, F1 y FPR por ventana temporal."
No usar TransactionDT crudo como feature,Es la variable que define el orden temporal; usarla cruda puede aprender posicion historica.,Derivar hora/dia/semana y usar TransactionDT para split y monitoreo.
Separar validacion temporal en UID conocido y UID desconocido,42.76% de filas tardias comparten candidate_uid con entrenamiento temprano.,Reportar desempeno por segmento y evitar conclusiones infladas.
"Crear features UID, pero sin usar informacion futura",card/D/addr forman clientes candidatos repetidos; top soluciones IEEE explotan esa senal.,Frequency/agregaciones calculadas solo con ventana de entrenamiento.
Conservar outliers de TransactionAmt,Outliers IQR tienen tasa de fraude 5.07%.,"Usar log1p, flags y winsorizar solo para modelos sensibles, no eliminar."
Tratar faltantes por bloque,74 features tienen mas de 80% faltante en train.,"Agregar indicadores de ausencia, has_identity y missing-block features."
Auditar distribution shift antes de seleccionar features,4 features numericas tienen KS train/test > 0.20; adversarial AUC = 1.000.,Penalizar features inestables y medir robustez temporal.
No descartar columnas por correlacion con target solamente,Max abs corr con isFraud = 0.383; no hay copia directa obvia del target.,"Combinar correlacion, estabilidad temporal y permutation importance."
Modelar drift explicitamente,La tasa semanal de fraude varia entre 1.85% y 5.06%.,"Ventanas temporales, PSI/KS y comparacion static vs adaptive."
