month_relative,feature,missing_rate,rows
1,TransactionAmt,0.0,134339
1,ProductCD,0.0,134339
1,card1,0.0,134339
1,card2,0.013465933198847691,134339
1,card3,2.233156417719352e-05,134339
1,card4,5.955083780584938e-05,134339
1,card5,0.005441457804509487,134339
1,card6,5.210698308011821e-05,134339
1,addr1,0.10463826587960309,134339
1,addr2,0.10463826587960309,134339
1,dist1,0.7011590081807964,134339
1,dist2,0.9126314770840932,134339
1,P_emaildomain,0.14687469759340177,134339
1,R_emaildomain,0.6175645196108352,134339
1,C1,0.0,134339
1,C2,0.0,134339
1,C3,0.0,134339
1,C4,0.0,134339
1,C5,0.0,134339
1,C6,0.0,134339
1,C7,0.0,134339
1,C8,0.0,134339
1,C9,0.0,134339
1,C10,0.0,134339
1,C11,0.0,134339
1,C12,0.0,134339
1,C13,0.0,134339
1,C14,0.0,134339
1,D1,0.0,134339
1,D2,0.5868213995935655,134339
1,D3,0.5775835758789332,134339
1,D4,0.4563678455251267,134339
1,D5,0.6528409471560753,134339
1,D6,0.8618867194187838,134339
1,D7,0.9347546133289663,134339
1,D8,0.7817833987151906,134339
1,D9,0.7817833987151906,134339
1,D10,0.31349794177416834,134339
1,D11,0.7126895391509539,134339
1,D12,0.884865898957116,134339
1,D13,0.8964187614914507,134339
1,D14,0.8812035224320562,134339
1,D15,0.3367376562279011,134339
1,M1,0.6928144470332517,134339
1,M2,0.6928144470332517,134339
1,M3,0.6928144470332517,134339
1,M4,0.5762139066093986,134339
1,M5,0.6969904495343869,134339
1,M6,0.4729155345804271,134339
1,M7,0.844520206343653,134339
1,M8,0.844520206343653,134339
1,M9,0.844520206343653,134339
1,V1,0.7126895391509539,134339
1,V2,0.7126895391509539,134339
1,V3,0.7126895391509539,134339
1,V4,0.7126895391509539,134339
1,V5,0.7126895391509539,134339
1,V6,0.7126895391509539,134339
1,V7,0.7126895391509539,134339
1,V8,0.7126895391509539,134339
1,V9,0.7126895391509539,134339
1,V10,0.7126895391509539,134339
1,V11,0.7126895391509539,134339
1,V12,0.3135649364666999,134339
1,V13,0.3135649364666999,134339
1,V14,0.3135649364666999,134339
1,V15,0.3135649364666999,134339
1,V16,0.3135649364666999,134339
1,V17,0.3135649364666999,134339
1,V18,0.3135649364666999,134339
1,V19,0.3135649364666999,134339
1,V20,0.3135649364666999,134339
1,V21,0.3135649364666999,134339
1,V22,0.3135649364666999,134339
1,V23,0.3135649364666999,134339
1,V24,0.3135649364666999,134339
1,V25,0.3135649364666999,134339
1,V26,0.3135649364666999,134339
1,V27,0.3135649364666999,134339
1,V28,0.3135649364666999,134339
1,V29,0.3135649364666999,134339
1,V30,0.3135649364666999,134339
1,V31,0.3135649364666999,134339
1,V32,0.3135649364666999,134339
1,V33,0.3135649364666999,134339
1,V34,0.3135649364666999,134339
1,V35,0.4564125086534811,134339
1,V36,0.4564125086534811,134339
1,V37,0.4564125086534811,134339
1,V38,0.4564125086534811,134339
1,V39,0.4564125086534811,134339
1,V40,0.4564125086534811,134339
1,V41,0.4564125086534811,134339
1,V42,0.4564125086534811,134339
1,V43,0.4564125086534811,134339
1,V44,0.4564125086534811,134339
1,V45,0.4564125086534811,134339
1,V46,0.4564125086534811,134339
1,V47,0.4564125086534811,134339
1,V48,0.4564125086534811,134339
1,V49,0.4564125086534811,134339
1,V50,0.4564125086534811,134339
1,V51,0.4564125086534811,134339
1,V52,0.4564125086534811,134339
1,V53,0.31266423004488647,134339
1,V54,0.31266423004488647,134339
1,V55,0.31266423004488647,134339
1,V56,0.31266423004488647,134339
1,V57,0.31266423004488647,134339
1,V58,0.31266423004488647,134339
1,V59,0.31266423004488647,134339
1,V60,0.31266423004488647,134339
1,V61,0.31266423004488647,134339
1,V62,0.31266423004488647,134339
1,V63,0.31266423004488647,134339
1,V64,0.31266423004488647,134339
1,V65,0.31266423004488647,134339
1,V66,0.31266423004488647,134339
1,V67,0.31266423004488647,134339
1,V68,0.31266423004488647,134339
1,V69,0.31266423004488647,134339
1,V70,0.31266423004488647,134339
1,V71,0.31266423004488647,134339
1,V72,0.31266423004488647,134339
1,V73,0.31266423004488647,134339
1,V74,0.31266423004488647,134339
1,V75,0.3367897632109812,134339
1,V76,0.3367897632109812,134339
1,V77,0.3367897632109812,134339
1,V78,0.3367897632109812,134339
1,V79,0.3367897632109812,134339
1,V80,0.3367897632109812,134339
1,V81,0.3367897632109812,134339
1,V82,0.3367897632109812,134339
1,V83,0.3367897632109812,134339
1,V84,0.3367897632109812,134339
1,V85,0.3367897632109812,134339
1,V86,0.3367897632109812,134339
1,V87,0.3367897632109812,134339
1,V88,0.3367897632109812,134339
1,V89,0.3367897632109812,134339
1,V90,0.3367897632109812,134339
1,V91,0.3367897632109812,134339
1,V92,0.3367897632109812,134339
1,V93,0.3367897632109812,134339
1,V94,0.3367897632109812,134339
1,V95,0.0,134339
1,V96,0.0,134339
1,V97,0.0,134339
1,V98,0.0,134339
1,V99,0.0,134339
1,V100,0.0,134339
1,V101,0.0,134339
1,V102,0.0,134339
1,V103,0.0,134339
1,V104,0.0,134339
1,V105,0.0,134339
1,V106,0.0,134339
1,V107,0.0,134339
1,V108,0.0,134339
1,V109,0.0,134339
1,V110,0.0,134339
1,V111,0.0,134339
1,V112,0.0,134339
1,V113,0.0,134339
1,V114,0.0,134339
1,V115,0.0,134339
1,V116,0.0,134339
1,V117,0.0,134339
1,V118,0.0,134339
1,V119,0.0,134339
1,V120,0.0,134339
1,V121,0.0,134339
1,V122,0.0,134339
1,V123,0.0,134339
1,V124,0.0,134339
1,V125,0.0,134339
1,V126,0.0,134339
1,V127,0.0,134339
1,V128,0.0,134339
1,V129,0.0,134339
1,V130,0.0,134339
1,V131,0.0,134339
1,V132,0.0,134339
1,V133,0.0,134339
1,V134,0.0,134339
1,V135,0.0,134339
1,V136,0.0,134339
1,V137,0.0,134339
1,V138,0.6733710984896418,134339
1,V139,0.6733710984896418,134339
1,V140,0.6733710984896418,134339
1,V141,0.6733710984896418,134339
1,V142,0.6733710984896418,134339
1,V143,0.6733710984896418,134339
1,V144,0.6733710984896418,134339
1,V145,0.6733710984896418,134339
1,V146,0.6733710984896418,134339
1,V147,0.6733710984896418,134339
1,V148,0.6733710984896418,134339
1,V149,0.6733710984896418,134339
1,V150,0.6733710984896418,134339
1,V151,0.6733710984896418,134339
1,V152,0.6733710984896418,134339
1,V153,0.6733710984896418,134339
1,V154,0.6733710984896418,134339
1,V155,0.6733710984896418,134339
1,V156,0.6733710984896418,134339
1,V157,0.6733710984896418,134339
1,V158,0.6733710984896418,134339
1,V159,0.6733710984896418,134339
1,V160,0.6733710984896418,134339
1,V161,0.6733710984896418,134339
1,V162,0.6733710984896418,134339
1,V163,0.6733710984896418,134339
1,V164,0.6733710984896418,134339
1,V165,0.6733710984896418,134339
1,V166,0.6733710984896418,134339
1,V167,0.5841416118923023,134339
1,V168,0.5841416118923023,134339
1,V169,0.5841416118923023,134339
1,V170,0.5841416118923023,134339
1,V171,0.5841416118923023,134339
1,V172,0.5841416118923023,134339
1,V173,0.5841416118923023,134339
1,V174,0.5841416118923023,134339
1,V175,0.5841416118923023,134339
1,V176,0.5841416118923023,134339
1,V177,0.5841416118923023,134339
1,V178,0.5841416118923023,134339
1,V179,0.5841416118923023,134339
1,V180,0.5841416118923023,134339
1,V181,0.5841416118923023,134339
1,V182,0.5841416118923023,134339
1,V183,0.5841416118923023,134339
1,V184,0.5841416118923023,134339
1,V185,0.5841416118923023,134339
1,V186,0.5841416118923023,134339
1,V187,0.5841416118923023,134339
1,V188,0.5841416118923023,134339
1,V189,0.5841416118923023,134339
1,V190,0.5841416118923023,134339
1,V191,0.5841416118923023,134339
1,V192,0.5841416118923023,134339
1,V193,0.5841416118923023,134339
1,V194,0.5841416118923023,134339
1,V195,0.5841416118923023,134339
1,V196,0.5841416118923023,134339
1,V197,0.5841416118923023,134339
1,V198,0.5841416118923023,134339
1,V199,0.5841416118923023,134339
1,V200,0.5841416118923023,134339
1,V201,0.5841416118923023,134339
1,V202,0.5841416118923023,134339
1,V203,0.5841416118923023,134339
1,V204,0.5841416118923023,134339
1,V205,0.5841416118923023,134339
1,V206,0.5841416118923023,134339
1,V207,0.5841416118923023,134339
1,V208,0.5841416118923023,134339
1,V209,0.5841416118923023,134339
1,V210,0.5841416118923023,134339
1,V211,0.5841416118923023,134339
1,V212,0.5841416118923023,134339
1,V213,0.5841416118923023,134339
1,V214,0.5841416118923023,134339
1,V215,0.5841416118923023,134339
1,V216,0.5841416118923023,134339
1,V217,0.5973470101757494,134339
1,V218,0.5973470101757494,134339
1,V219,0.5973470101757494,134339
1,V220,0.5755960666671629,134339
1,V221,0.5755960666671629,134339
1,V222,0.5755960666671629,134339
1,V223,0.5973470101757494,134339
1,V224,0.5973470101757494,134339
1,V225,0.5973470101757494,134339
1,V226,0.5973470101757494,134339
1,V227,0.5755960666671629,134339
1,V228,0.5973470101757494,134339
1,V229,0.5973470101757494,134339
1,V230,0.5973470101757494,134339
1,V231,0.5973470101757494,134339
1,V232,0.5973470101757494,134339
1,V233,0.5973470101757494,134339
1,V234,0.5755960666671629,134339
1,V235,0.5973470101757494,134339
1,V236,0.5973470101757494,134339
1,V237,0.5973470101757494,134339
1,V238,0.5755960666671629,134339
1,V239,0.5755960666671629,134339
1,V240,0.5973470101757494,134339
1,V241,0.5973470101757494,134339
1,V242,0.5973470101757494,134339
1,V243,0.5973470101757494,134339
1,V244,0.5973470101757494,134339
1,V245,0.5755960666671629,134339
1,V246,0.5973470101757494,134339
1,V247,0.5973470101757494,134339
1,V248,0.5973470101757494,134339
1,V249,0.5973470101757494,134339
1,V250,0.5755960666671629,134339
1,V251,0.5755960666671629,134339
1,V252,0.5973470101757494,134339
1,V253,0.5973470101757494,134339
1,V254,0.5973470101757494,134339
1,V255,0.5755960666671629,134339
1,V256,0.5755960666671629,134339
1,V257,0.5973470101757494,134339
1,V258,0.5973470101757494,134339
1,V259,0.5755960666671629,134339
1,V260,0.5973470101757494,134339
1,V261,0.5973470101757494,134339
1,V262,0.5973470101757494,134339
1,V263,0.5973470101757494,134339
1,V264,0.5973470101757494,134339
1,V265,0.5973470101757494,134339
1,V266,0.5973470101757494,134339
1,V267,0.5973470101757494,134339
1,V268,0.5973470101757494,134339
1,V269,0.5973470101757494,134339
1,V270,0.5755960666671629,134339
1,V271,0.5755960666671629,134339
1,V272,0.5755960666671629,134339
1,V273,0.5973470101757494,134339
1,V274,0.5973470101757494,134339
1,V275,0.5973470101757494,134339
1,V276,0.5973470101757494,134339
1,V277,0.5973470101757494,134339
1,V278,0.5973470101757494,134339
1,V279,8.18824019830429e-05,134339
1,V280,8.18824019830429e-05,134339
1,V281,0.0,134339
1,V282,0.0,134339
1,V283,0.0,134339
1,V284,8.18824019830429e-05,134339
1,V285,8.18824019830429e-05,134339
1,V286,8.18824019830429e-05,134339
1,V287,8.18824019830429e-05,134339
1,V288,0.0,134339
1,V289,0.0,134339
1,V290,8.18824019830429e-05,134339
1,V291,8.18824019830429e-05,134339
1,V292,8.18824019830429e-05,134339
1,V293,8.18824019830429e-05,134339
1,V294,8.18824019830429e-05,134339
1,V295,8.18824019830429e-05,134339
1,V296,0.0,134339
1,V297,8.18824019830429e-05,134339
1,V298,8.18824019830429e-05,134339
1,V299,8.18824019830429e-05,134339
1,V300,0.0,134339
1,V301,0.0,134339
1,V302,8.18824019830429e-05,134339
1,V303,8.18824019830429e-05,134339
1,V304,8.18824019830429e-05,134339
1,V305,8.18824019830429e-05,134339
1,V306,8.18824019830429e-05,134339
1,V307,8.18824019830429e-05,134339
1,V308,8.18824019830429e-05,134339
1,V309,8.18824019830429e-05,134339
1,V310,8.18824019830429e-05,134339
1,V311,8.18824019830429e-05,134339
1,V312,8.18824019830429e-05,134339
1,V313,0.0,134339
1,V314,0.0,134339
1,V315,0.0,134339
1,V316,8.18824019830429e-05,134339
1,V317,8.18824019830429e-05,134339
1,V318,8.18824019830429e-05,134339
1,V319,8.18824019830429e-05,134339
1,V320,8.18824019830429e-05,134339
1,V321,8.18824019830429e-05,134339
1,V322,0.6723289588280396,134339
1,V323,0.6723289588280396,134339
1,V324,0.6723289588280396,134339
1,V325,0.6723289588280396,134339
1,V326,0.6723289588280396,134339
1,V327,0.6723289588280396,134339
1,V328,0.6723289588280396,134339
1,V329,0.6723289588280396,134339
1,V330,0.6723289588280396,134339
1,V331,0.6723289588280396,134339
1,V332,0.6723289588280396,134339
1,V333,0.6723289588280396,134339
1,V334,0.6723289588280396,134339
1,V335,0.6723289588280396,134339
1,V336,0.6723289588280396,134339
1,V337,0.6723289588280396,134339
1,V338,0.6723289588280396,134339
1,V339,0.6723289588280396,134339
1,id_01,0.5678097946240481,134339
1,id_02,0.5787894803445016,134339
1,id_03,0.8122436522528826,134339
1,id_04,0.8122436522528826,134339
1,id_05,0.5910643967872323,134339
1,id_06,0.5910643967872323,134339
1,id_07,0.9837128458601002,134339
1,id_08,0.9837128458601002,134339
1,id_09,0.7817833987151906,134339
1,id_10,0.7817833987151906,134339
1,id_11,0.5779632124699454,134339
1,id_12,0.5678097946240481,134339
1,id_13,0.643878546066295,134339
1,id_14,0.6858023358816129,134339
1,id_15,0.5779632124699454,134339
1,id_16,0.601649558207222,134339
1,id_17,0.5822285412277894,134339
1,id_18,0.8667475565546863,134339
1,id_19,0.5823178674844982,134339
1,id_20,0.5823699744675783,134339
1,id_21,0.9837351774242774,134339
1,id_22,0.9837054020053745,134339
1,id_23,0.9837054020053745,134339
1,id_24,0.9848219802142342,134339
1,id_25,0.9837947282620833,134339
1,id_26,0.9837128458601002,134339
1,id_27,0.9837054020053745,134339
1,id_28,0.5779632124699454,134339
1,id_29,0.5779632124699454,134339
1,id_30,0.6907897185478529,134339
1,id_31,0.5792658870469484,134339
1,id_32,0.6907748308384014,134339
1,id_33,0.7133297106573668,134339
1,id_34,0.690231429443423,134339
1,id_35,0.5779632124699454,134339
1,id_36,0.5779632124699454,134339
1,id_37,0.5779632124699454,134339
1,id_38,0.5779632124699454,134339
1,DeviceType,0.5788639188917589,134339
1,DeviceInfo,0.6196190235151371,134339
2,TransactionAmt,0.0,89399
2,ProductCD,0.0,89399
2,card1,0.0,89399
2,card2,0.019496862381010973,89399
2,card3,0.0,89399
2,card4,1.11858074475106e-05,89399
2,card5,0.005469859841832683,89399
2,card6,0.0,89399
2,addr1,0.1117574022080784,89399
2,addr2,0.1117574022080784,89399
2,dist1,0.5882504278571349,89399
2,dist2,0.939887470777078,89399
2,P_emaildomain,0.18580744751059855,89399
2,R_emaildomain,0.8141478092596114,89399
2,C1,0.0,89399
2,C2,0.0,89399
2,C3,0.0,89399
2,C4,0.0,89399
2,C5,0.0,89399
2,C6,0.0,89399
2,C7,0.0,89399
2,C8,0.0,89399
2,C9,0.0,89399
2,C10,0.0,89399
2,C11,0.0,89399
2,C12,0.0,89399
2,C13,0.0,89399
2,C14,0.0,89399
2,D1,2.23716148950212e-05,89399
2,D2,0.4475665275897941,89399
2,D3,0.4152171724515934,89399
2,D4,0.24689314198145393,89399
2,D5,0.5030705041443416,89399
2,D6,0.8818219443170505,89399
2,D7,0.9381089273929238,89399
2,D8,0.9079631763218828,89399
2,D9,0.9079631763218828,89399
2,D10,0.07430731887381291,89399
2,D11,0.5874674213358091,89399
2,D12,0.8896072663005179,89399
2,D13,0.9008154453629236,89399
2,D14,0.9035335965726686,89399
2,D15,0.07542589961856397,89399
2,M1,0.5875009787581517,89399
2,M2,0.5875009787581517,89399
2,M3,0.5875009787581517,89399
2,M4,0.4215818968892269,89399
2,M5,0.532477991923847,89399
2,M6,0.22610991174397924,89399
2,M7,0.740925513708207,89399
2,M8,0.740925513708207,89399
2,M9,0.740925513708207,89399
2,V1,0.5874674213358091,89399
2,V2,0.5874674213358091,89399
2,V3,0.5874674213358091,89399
2,V4,0.5874674213358091,89399
2,V5,0.5874674213358091,89399
2,V6,0.5874674213358091,89399
2,V7,0.5874674213358091,89399
2,V8,0.5874674213358091,89399
2,V9,0.5874674213358091,89399
2,V10,0.5874674213358091,89399
2,V11,0.5874674213358091,89399
2,V12,0.07438561952594548,89399
2,V13,0.07438561952594548,89399
2,V14,0.07438561952594548,89399
2,V15,0.07438561952594548,89399
2,V16,0.07438561952594548,89399
2,V17,0.07438561952594548,89399
2,V18,0.07438561952594548,89399
2,V19,0.07438561952594548,89399
2,V20,0.07438561952594548,89399
2,V21,0.07438561952594548,89399
2,V22,0.07438561952594548,89399
2,V23,0.07438561952594548,89399
2,V24,0.07438561952594548,89399
2,V25,0.07438561952594548,89399
2,V26,0.07438561952594548,89399
2,V27,0.07438561952594548,89399
2,V28,0.07438561952594548,89399
2,V29,0.07438561952594548,89399
2,V30,0.07438561952594548,89399
2,V31,0.07438561952594548,89399
2,V32,0.07438561952594548,89399
2,V33,0.07438561952594548,89399
2,V34,0.07438561952594548,89399
2,V35,0.24689314198145393,89399
2,V36,0.24689314198145393,89399
2,V37,0.24689314198145393,89399
2,V38,0.24689314198145393,89399
2,V39,0.24689314198145393,89399
2,V40,0.24689314198145393,89399
2,V41,0.24689314198145393,89399
2,V42,0.24689314198145393,89399
2,V43,0.24689314198145393,89399
2,V44,0.24689314198145393,89399
2,V45,0.24689314198145393,89399
2,V46,0.24689314198145393,89399
2,V47,0.24689314198145393,89399
2,V48,0.24689314198145393,89399
2,V49,0.24689314198145393,89399
2,V50,0.24689314198145393,89399
2,V51,0.24689314198145393,89399
2,V52,0.24689314198145393,89399
2,V53,0.0804147697401537,89399
2,V54,0.0804147697401537,89399
2,V55,0.0804147697401537,89399
2,V56,0.0804147697401537,89399
2,V57,0.0804147697401537,89399
2,V58,0.0804147697401537,89399
2,V59,0.0804147697401537,89399
2,V60,0.0804147697401537,89399
2,V61,0.0804147697401537,89399
2,V62,0.0804147697401537,89399
2,V63,0.0804147697401537,89399
2,V64,0.0804147697401537,89399
2,V65,0.0804147697401537,89399
2,V66,0.0804147697401537,89399
2,V67,0.0804147697401537,89399
2,V68,0.0804147697401537,89399
2,V69,0.0804147697401537,89399
2,V70,0.0804147697401537,89399
2,V71,0.0804147697401537,89399
2,V72,0.0804147697401537,89399
2,V73,0.0804147697401537,89399
2,V74,0.0804147697401537,89399
2,V75,0.07543708542601148,89399
2,V76,0.07543708542601148,89399
2,V77,0.07543708542601148,89399
2,V78,0.07543708542601148,89399
2,V79,0.07543708542601148,89399
2,V80,0.07543708542601148,89399
2,V81,0.07543708542601148,89399
2,V82,0.07543708542601148,89399
2,V83,0.07543708542601148,89399
2,V84,0.07543708542601148,89399
2,V85,0.07543708542601148,89399
2,V86,0.07543708542601148,89399
2,V87,0.07543708542601148,89399
2,V88,0.07543708542601148,89399
2,V89,0.07543708542601148,89399
2,V90,0.07543708542601148,89399
2,V91,0.07543708542601148,89399
2,V92,0.07543708542601148,89399
2,V93,0.07543708542601148,89399
2,V94,0.07543708542601148,89399
2,V95,0.0,89399
2,V96,0.0,89399
2,V97,0.0,89399
2,V98,0.0,89399
2,V99,0.0,89399
2,V100,0.0,89399
2,V101,0.0,89399
2,V102,0.0,89399
2,V103,0.0,89399
2,V104,0.0,89399
2,V105,0.0,89399
2,V106,0.0,89399
2,V107,0.0,89399
2,V108,0.0,89399
2,V109,0.0,89399
2,V110,0.0,89399
2,V111,0.0,89399
2,V112,0.0,89399
2,V113,0.0,89399
2,V114,0.0,89399
2,V115,0.0,89399
2,V116,0.0,89399
2,V117,0.0,89399
2,V118,0.0,89399
2,V119,0.0,89399
2,V120,0.0,89399
2,V121,0.0,89399
2,V122,0.0,89399
2,V123,0.0,89399
2,V124,0.0,89399
2,V125,0.0,89399
2,V126,0.0,89399
2,V127,0.0,89399
2,V128,0.0,89399
2,V129,0.0,89399
2,V130,0.0,89399
2,V131,0.0,89399
2,V132,0.0,89399
2,V133,0.0,89399
2,V134,0.0,89399
2,V135,0.0,89399
2,V136,0.0,89399
2,V137,0.0,89399
2,V138,0.9177955010682446,89399
2,V139,0.9177955010682446,89399
2,V140,0.9177955010682446,89399
2,V141,0.9177955010682446,89399
2,V142,0.9177955010682446,89399
2,V143,0.9177955010682446,89399
2,V144,0.9177955010682446,89399
2,V145,0.9177955010682446,89399
2,V146,0.9177955010682446,89399
2,V147,0.9177955010682446,89399
2,V148,0.9177955010682446,89399
2,V149,0.9177955010682446,89399
2,V150,0.9177955010682446,89399
2,V151,0.9177955010682446,89399
2,V152,0.9177955010682446,89399
2,V153,0.9177955010682446,89399
2,V154,0.9177955010682446,89399
2,V155,0.9177955010682446,89399
2,V156,0.9177955010682446,89399
2,V157,0.9177955010682446,89399
2,V158,0.9177955010682446,89399
2,V159,0.9177955010682446,89399
2,V160,0.9177955010682446,89399
2,V161,0.9177955010682446,89399
2,V162,0.9177955010682446,89399
2,V163,0.9177955010682446,89399
2,V164,0.9177955010682446,89399
2,V165,0.9177955010682446,89399
2,V166,0.9177955010682446,89399
2,V167,0.8222127764292666,89399
2,V168,0.8222127764292666,89399
2,V169,0.8222127764292666,89399
2,V170,0.8222127764292666,89399
2,V171,0.8222127764292666,89399
2,V172,0.8222127764292666,89399
2,V173,0.8222127764292666,89399
2,V174,0.8222127764292666,89399
2,V175,0.8222127764292666,89399
2,V176,0.8222127764292666,89399
2,V177,0.8222127764292666,89399
2,V178,0.8222127764292666,89399
2,V179,0.8222127764292666,89399
2,V180,0.8222127764292666,89399
2,V181,0.8222127764292666,89399
2,V182,0.8222127764292666,89399
2,V183,0.8222127764292666,89399
2,V184,0.8222127764292666,89399
2,V185,0.8222127764292666,89399
2,V186,0.8222127764292666,89399
2,V187,0.8222127764292666,89399
2,V188,0.8222127764292666,89399
2,V189,0.8222127764292666,89399
2,V190,0.8222127764292666,89399
2,V191,0.8222127764292666,89399
2,V192,0.8222127764292666,89399
2,V193,0.8222127764292666,89399
2,V194,0.8222127764292666,89399
2,V195,0.8222127764292666,89399
2,V196,0.8222127764292666,89399
2,V197,0.8222127764292666,89399
2,V198,0.8222127764292666,89399
2,V199,0.8222127764292666,89399
2,V200,0.8222127764292666,89399
2,V201,0.8222127764292666,89399
2,V202,0.8222127764292666,89399
2,V203,0.8222127764292666,89399
2,V204,0.8222127764292666,89399
2,V205,0.8222127764292666,89399
2,V206,0.8222127764292666,89399
2,V207,0.8222127764292666,89399
2,V208,0.8222127764292666,89399
2,V209,0.8222127764292666,89399
2,V210,0.8222127764292666,89399
2,V211,0.8222127764292666,89399
2,V212,0.8222127764292666,89399
2,V213,0.8222127764292666,89399
2,V214,0.8222127764292666,89399
2,V215,0.8222127764292666,89399
2,V216,0.8222127764292666,89399
2,V217,0.8350428975715612,89399
2,V218,0.8350428975715612,89399
2,V219,0.8350428975715612,89399
2,V220,0.8205237195046925,89399
2,V221,0.8205237195046925,89399
2,V222,0.8205237195046925,89399
2,V223,0.8350428975715612,89399
2,V224,0.8350428975715612,89399
2,V225,0.8350428975715612,89399
2,V226,0.8350428975715612,89399
2,V227,0.8205237195046925,89399
2,V228,0.8350428975715612,89399
2,V229,0.8350428975715612,89399
2,V230,0.8350428975715612,89399
2,V231,0.8350428975715612,89399
2,V232,0.8350428975715612,89399
2,V233,0.8350428975715612,89399
2,V234,0.8205237195046925,89399
2,V235,0.8350428975715612,89399
2,V236,0.8350428975715612,89399
2,V237,0.8350428975715612,89399
2,V238,0.8205237195046925,89399
2,V239,0.8205237195046925,89399
2,V240,0.8350428975715612,89399
2,V241,0.8350428975715612,89399
2,V242,0.8350428975715612,89399
2,V243,0.8350428975715612,89399
2,V244,0.8350428975715612,89399
2,V245,0.8205237195046925,89399
2,V246,0.8350428975715612,89399
2,V247,0.8350428975715612,89399
2,V248,0.8350428975715612,89399
2,V249,0.8350428975715612,89399
2,V250,0.8205237195046925,89399
2,V251,0.8205237195046925,89399
2,V252,0.8350428975715612,89399
2,V253,0.8350428975715612,89399
2,V254,0.8350428975715612,89399
2,V255,0.8205237195046925,89399
2,V256,0.8205237195046925,89399
2,V257,0.8350428975715612,89399
2,V258,0.8350428975715612,89399
2,V259,0.8205237195046925,89399
2,V260,0.8350428975715612,89399
2,V261,0.8350428975715612,89399
2,V262,0.8350428975715612,89399
2,V263,0.8350428975715612,89399
2,V264,0.8350428975715612,89399
2,V265,0.8350428975715612,89399
2,V266,0.8350428975715612,89399
2,V267,0.8350428975715612,89399
2,V268,0.8350428975715612,89399
2,V269,0.8350428975715612,89399
2,V270,0.8205237195046925,89399
2,V271,0.8205237195046925,89399
2,V272,0.8205237195046925,89399
2,V273,0.8350428975715612,89399
2,V274,0.8350428975715612,89399
2,V275,0.8350428975715612,89399
2,V276,0.8350428975715612,89399
2,V277,0.8350428975715612,89399
2,V278,0.8350428975715612,89399
2,V279,0.0,89399
2,V280,0.0,89399
2,V281,2.23716148950212e-05,89399
2,V282,2.23716148950212e-05,89399
2,V283,2.23716148950212e-05,89399
2,V284,0.0,89399
2,V285,0.0,89399
2,V286,0.0,89399
2,V287,0.0,89399
2,V288,2.23716148950212e-05,89399
2,V289,2.23716148950212e-05,89399
2,V290,0.0,89399
2,V291,0.0,89399
2,V292,0.0,89399
2,V293,0.0,89399
2,V294,0.0,89399
2,V295,0.0,89399
2,V296,2.23716148950212e-05,89399
2,V297,0.0,89399
2,V298,0.0,89399
2,V299,0.0,89399
2,V300,2.23716148950212e-05,89399
2,V301,2.23716148950212e-05,89399
2,V302,0.0,89399
2,V303,0.0,89399
2,V304,0.0,89399
2,V305,0.0,89399
2,V306,0.0,89399
2,V307,0.0,89399
2,V308,0.0,89399
2,V309,0.0,89399
2,V310,0.0,89399
2,V311,0.0,89399
2,V312,0.0,89399
2,V313,2.23716148950212e-05,89399
2,V314,2.23716148950212e-05,89399
2,V315,2.23716148950212e-05,89399
2,V316,0.0,89399
2,V317,0.0,89399
2,V318,0.0,89399
2,V319,0.0,89399
2,V320,0.0,89399
2,V321,0.0,89399
2,V322,0.917124352621394,89399
2,V323,0.917124352621394,89399
2,V324,0.917124352621394,89399
2,V325,0.917124352621394,89399
2,V326,0.917124352621394,89399
2,V327,0.917124352621394,89399
2,V328,0.917124352621394,89399
2,V329,0.917124352621394,89399
2,V330,0.917124352621394,89399
2,V331,0.917124352621394,89399
2,V332,0.917124352621394,89399
2,V333,0.917124352621394,89399
2,V334,0.917124352621394,89399
2,V335,0.917124352621394,89399
2,V336,0.917124352621394,89399
2,V337,0.917124352621394,89399
2,V338,0.917124352621394,89399
2,V339,0.917124352621394,89399
2,id_01,0.8178391257172899,89399
2,id_02,0.8212507969887807,89399
2,id_03,0.9185113927448852,89399
2,id_04,0.9185113927448852,89399
2,id_05,0.8250315999060392,89399
2,id_06,0.8250315999060392,89399
2,id_07,0.9937695052517366,89399
2,id_08,0.9937695052517366,89399
2,id_09,0.9079631763218828,89399
2,id_10,0.9079631763218828,89399
2,id_11,0.8212507969887807,89399
2,id_12,0.8178391257172899,89399
2,id_13,0.8382867817313393,89399
2,id_14,0.9170124945469189,89399
2,id_15,0.8212507969887807,89399
2,id_16,0.8392823185941677,89399
2,id_17,0.8223581919260842,89399
2,id_18,0.9438025033837067,89399
2,id_19,0.8223917493484267,89399
2,id_20,0.8223693777335317,89399
2,id_21,0.9937471336368415,89399
2,id_22,0.9937471336368415,89399
2,id_23,0.9937471336368415,89399
2,id_24,0.994284052394322,89399
2,id_25,0.9937471336368415,89399
2,id_26,0.9937471336368415,89399
2,id_27,0.9937471336368415,89399
2,id_28,0.8212507969887807,89399
2,id_29,0.8212507969887807,89399
2,id_30,0.9213861452588955,89399
2,id_31,0.8216870434792336,89399
2,id_32,0.921374959451448,89399
2,id_33,0.9263526437655902,89399
2,id_34,0.9214980033333706,89399
2,id_35,0.8212507969887807,89399
2,id_36,0.8212507969887807,89399
2,id_37,0.8212507969887807,89399
2,id_38,0.8212507969887807,89399
2,DeviceType,0.8213179118334657,89399
2,DeviceInfo,0.8577389008825602,89399
3,TransactionAmt,0.0,92189
3,ProductCD,0.0,92189
3,card1,0.0,92189
3,card2,0.023430127238607643,92189
3,card3,0.00884053412012279,92189
3,card4,0.008851381401251777,92189
3,card5,0.01380858887719793,92189
3,card6,0.00884053412012279,92189
3,addr1,0.1212183666164076,92189
3,addr2,0.1212183666164076,92189
3,dist1,0.5288158023191487,92189
3,dist2,0.9091106314202345,92189
3,P_emaildomain,0.14813047109741942,92189
3,R_emaildomain,0.8066255193135841,92189
3,C1,0.0,92189
3,C2,0.0,92189
3,C3,0.0,92189
3,C4,0.0,92189
3,C5,0.0,92189
3,C6,0.0,92189
3,C7,0.0,92189
3,C8,0.0,92189
3,C9,0.0,92189
3,C10,0.0,92189
3,C11,0.0,92189
3,C12,0.0,92189
3,C13,0.0,92189
3,C14,0.0,92189
3,D1,2.169456225797004e-05,92189
3,D2,0.4544685374610854,92189
3,D3,0.4167959301001204,92189
3,D4,0.21068674136827603,92189
3,D5,0.4792979639653321,92189
3,D6,0.8742908589961926,92189
3,D7,0.9332783737756132,92189
3,D8,0.900834155918819,92189
3,D9,0.900834155918819,92189
3,D10,0.07209103038323444,92189
3,D11,0.5180986885637116,92189
3,D12,0.8821985269392227,92189
3,D13,0.8939027432773975,92189
3,D14,0.8972654004273829,92189
3,D15,0.08601893935285121,92189
3,M1,0.5152133117834015,92189
3,M2,0.5152133117834015,92189
3,M3,0.5152133117834015,92189
3,M4,0.4629077221794357,92189
3,M5,0.5889531288982417,92189
3,M6,0.2400286368221805,92189
3,M7,0.6213539576305199,92189
3,M8,0.6213539576305199,92189
3,M9,0.6213539576305199,92189
3,V1,0.5180986885637116,92189
3,V2,0.5180986885637116,92189
3,V3,0.5180986885637116,92189
3,V4,0.5180986885637116,92189
3,V5,0.5180986885637116,92189
3,V6,0.5180986885637116,92189
3,V7,0.5180986885637116,92189
3,V8,0.5180986885637116,92189
3,V9,0.5180986885637116,92189
3,V10,0.5180986885637116,92189
3,V11,0.5180986885637116,92189
3,V12,0.07216696135113734,92189
3,V13,0.07216696135113734,92189
3,V14,0.07216696135113734,92189
3,V15,0.07216696135113734,92189
3,V16,0.07216696135113734,92189
3,V17,0.07216696135113734,92189
3,V18,0.07216696135113734,92189
3,V19,0.07216696135113734,92189
3,V20,0.07216696135113734,92189
3,V21,0.07216696135113734,92189
3,V22,0.07216696135113734,92189
3,V23,0.07216696135113734,92189
3,V24,0.07216696135113734,92189
3,V25,0.07216696135113734,92189
3,V26,0.07216696135113734,92189
3,V27,0.07216696135113734,92189
3,V28,0.07216696135113734,92189
3,V29,0.07216696135113734,92189
3,V30,0.07216696135113734,92189
3,V31,0.07216696135113734,92189
3,V32,0.07216696135113734,92189
3,V33,0.07216696135113734,92189
3,V34,0.07216696135113734,92189
3,V35,0.2107843668984369,92189
3,V36,0.2107843668984369,92189
3,V37,0.2107843668984369,92189
3,V38,0.2107843668984369,92189
3,V39,0.2107843668984369,92189
3,V40,0.2107843668984369,92189
3,V41,0.2107843668984369,92189
3,V42,0.2107843668984369,92189
3,V43,0.2107843668984369,92189
3,V44,0.2107843668984369,92189
3,V45,0.2107843668984369,92189
3,V46,0.2107843668984369,92189
3,V47,0.2107843668984369,92189
3,V48,0.2107843668984369,92189
3,V49,0.2107843668984369,92189
3,V50,0.2107843668984369,92189
3,V51,0.2107843668984369,92189
3,V52,0.2107843668984369,92189
3,V53,0.07656011020837628,92189
3,V54,0.07656011020837628,92189
3,V55,0.07656011020837628,92189
3,V56,0.07656011020837628,92189
3,V57,0.07656011020837628,92189
3,V58,0.07656011020837628,92189
3,V59,0.07656011020837628,92189
3,V60,0.07656011020837628,92189
3,V61,0.07656011020837628,92189
3,V62,0.07656011020837628,92189
3,V63,0.07656011020837628,92189
3,V64,0.07656011020837628,92189
3,V65,0.07656011020837628,92189
3,V66,0.07656011020837628,92189
3,V67,0.07656011020837628,92189
3,V68,0.07656011020837628,92189
3,V69,0.07656011020837628,92189
3,V70,0.07656011020837628,92189
3,V71,0.07656011020837628,92189
3,V72,0.07656011020837628,92189
3,V73,0.07656011020837628,92189
3,V74,0.07656011020837628,92189
3,V75,0.08604063391510917,92189
3,V76,0.08604063391510917,92189
3,V77,0.08604063391510917,92189
3,V78,0.08604063391510917,92189
3,V79,0.08604063391510917,92189
3,V80,0.08604063391510917,92189
3,V81,0.08604063391510917,92189
3,V82,0.08604063391510917,92189
3,V83,0.08604063391510917,92189
3,V84,0.08604063391510917,92189
3,V85,0.08604063391510917,92189
3,V86,0.08604063391510917,92189
3,V87,0.08604063391510917,92189
3,V88,0.08604063391510917,92189
3,V89,0.08604063391510917,92189
3,V90,0.08604063391510917,92189
3,V91,0.08604063391510917,92189
3,V92,0.08604063391510917,92189
3,V93,0.08604063391510917,92189
3,V94,0.08604063391510917,92189
3,V95,0.0,92189
3,V96,0.0,92189
3,V97,0.0,92189
3,V98,0.0,92189
3,V99,0.0,92189
3,V100,0.0,92189
3,V101,0.0,92189
3,V102,0.0,92189
3,V103,0.0,92189
3,V104,0.0,92189
3,V105,0.0,92189
3,V106,0.0,92189
3,V107,0.0,92189
3,V108,0.0,92189
3,V109,0.0,92189
3,V110,0.0,92189
3,V111,0.0,92189
3,V112,0.0,92189
3,V113,0.0,92189
3,V114,0.0,92189
3,V115,0.0,92189
3,V116,0.0,92189
3,V117,0.0,92189
3,V118,0.0,92189
3,V119,0.0,92189
3,V120,0.0,92189
3,V121,0.0,92189
3,V122,0.0,92189
3,V123,0.0,92189
3,V124,0.0,92189
3,V125,0.0,92189
3,V126,0.0,92189
3,V127,0.0,92189
3,V128,0.0,92189
3,V129,0.0,92189
3,V130,0.0,92189
3,V131,0.0,92189
3,V132,0.0,92189
3,V133,0.0,92189
3,V134,0.0,92189
3,V135,0.0,92189
3,V136,0.0,92189
3,V137,0.0,92189
3,V138,0.9200989272038963,92189
3,V139,0.9200989272038963,92189
3,V140,0.9200989272038963,92189
3,V141,0.9200989272038963,92189
3,V142,0.9200989272038963,92189
3,V143,0.9200989272038963,92189
3,V144,0.9200989272038963,92189
3,V145,0.9200989272038963,92189
3,V146,0.9200989272038963,92189
3,V147,0.9200989272038963,92189
3,V148,0.9200989272038963,92189
3,V149,0.9200989272038963,92189
3,V150,0.9200989272038963,92189
3,V151,0.9200989272038963,92189
3,V152,0.9200989272038963,92189
3,V153,0.9200989272038963,92189
3,V154,0.9200989272038963,92189
3,V155,0.9200989272038963,92189
3,V156,0.9200989272038963,92189
3,V157,0.9200989272038963,92189
3,V158,0.9200989272038963,92189
3,V159,0.9200989272038963,92189
3,V160,0.9200989272038963,92189
3,V161,0.9200989272038963,92189
3,V162,0.9200989272038963,92189
3,V163,0.9200989272038963,92189
3,V164,0.9200989272038963,92189
3,V165,0.9200989272038963,92189
3,V166,0.9200989272038963,92189
3,V167,0.8156613044940286,92189
3,V168,0.8156613044940286,92189
3,V169,0.8157806245864474,92189
3,V170,0.8157806245864474,92189
3,V171,0.8157806245864474,92189
3,V172,0.8156613044940286,92189
3,V173,0.8156613044940286,92189
3,V174,0.8157806245864474,92189
3,V175,0.8157806245864474,92189
3,V176,0.8156613044940286,92189
3,V177,0.8156613044940286,92189
3,V178,0.8156613044940286,92189
3,V179,0.8156613044940286,92189
3,V180,0.8157806245864474,92189
3,V181,0.8156613044940286,92189
3,V182,0.8156613044940286,92189
3,V183,0.8156613044940286,92189
3,V184,0.8157806245864474,92189
3,V185,0.8157806245864474,92189
3,V186,0.8156613044940286,92189
3,V187,0.8156613044940286,92189
3,V188,0.8157806245864474,92189
3,V189,0.8157806245864474,92189
3,V190,0.8156613044940286,92189
3,V191,0.8156613044940286,92189
3,V192,0.8156613044940286,92189
3,V193,0.8156613044940286,92189
3,V194,0.8157806245864474,92189
3,V195,0.8157806245864474,92189
3,V196,0.8156613044940286,92189
3,V197,0.8157806245864474,92189
3,V198,0.8157806245864474,92189
3,V199,0.8156613044940286,92189
3,V200,0.8157806245864474,92189
3,V201,0.8157806245864474,92189
3,V202,0.8156613044940286,92189
3,V203,0.8156613044940286,92189
3,V204,0.8156613044940286,92189
3,V205,0.8156613044940286,92189
3,V206,0.8156613044940286,92189
3,V207,0.8156613044940286,92189
3,V208,0.8157806245864474,92189
3,V209,0.8157806245864474,92189
3,V210,0.8157806245864474,92189
3,V211,0.8156613044940286,92189
3,V212,0.8156613044940286,92189
3,V213,0.8156613044940286,92189
3,V214,0.8156613044940286,92189
3,V215,0.8156613044940286,92189
3,V216,0.8156613044940286,92189
3,V217,0.8300664938333207,92189
3,V218,0.8300664938333207,92189
3,V219,0.8300664938333207,92189
3,V220,0.813904044951133,92189
3,V221,0.813904044951133,92189
3,V222,0.813904044951133,92189
3,V223,0.8300664938333207,92189
3,V224,0.8300664938333207,92189
3,V225,0.8300664938333207,92189
3,V226,0.8300664938333207,92189
3,V227,0.813904044951133,92189
3,V228,0.8300664938333207,92189
3,V229,0.8300664938333207,92189
3,V230,0.8300664938333207,92189
3,V231,0.8300664938333207,92189
3,V232,0.8300664938333207,92189
3,V233,0.8300664938333207,92189
3,V234,0.813904044951133,92189
3,V235,0.8300664938333207,92189
3,V236,0.8300664938333207,92189
3,V237,0.8300664938333207,92189
3,V238,0.813904044951133,92189
3,V239,0.813904044951133,92189
3,V240,0.8300664938333207,92189
3,V241,0.8300664938333207,92189
3,V242,0.8300664938333207,92189
3,V243,0.8300664938333207,92189
3,V244,0.8300664938333207,92189
3,V245,0.813904044951133,92189
3,V246,0.8300664938333207,92189
3,V247,0.8300664938333207,92189
3,V248,0.8300664938333207,92189
3,V249,0.8300664938333207,92189
3,V250,0.813904044951133,92189
3,V251,0.813904044951133,92189
3,V252,0.8300664938333207,92189
3,V253,0.8300664938333207,92189
3,V254,0.8300664938333207,92189
3,V255,0.813904044951133,92189
3,V256,0.813904044951133,92189
3,V257,0.8300664938333207,92189
3,V258,0.8300664938333207,92189
3,V259,0.813904044951133,92189
3,V260,0.8300664938333207,92189
3,V261,0.8300664938333207,92189
3,V262,0.8300664938333207,92189
3,V263,0.8300664938333207,92189
3,V264,0.8300664938333207,92189
3,V265,0.8300664938333207,92189
3,V266,0.8300664938333207,92189
3,V267,0.8300664938333207,92189
3,V268,0.8300664938333207,92189
3,V269,0.8300664938333207,92189
3,V270,0.813904044951133,92189
3,V271,0.813904044951133,92189
3,V272,0.813904044951133,92189
3,V273,0.8300664938333207,92189
3,V274,0.8300664938333207,92189
3,V275,0.8300664938333207,92189
3,V276,0.8300664938333207,92189
3,V277,0.8300664938333207,92189
3,V278,0.8300664938333207,92189
3,V279,1.084728112898502e-05,92189
3,V280,1.084728112898502e-05,92189
3,V281,2.169456225797004e-05,92189
3,V282,2.169456225797004e-05,92189
3,V283,2.169456225797004e-05,92189
3,V284,1.084728112898502e-05,92189
3,V285,1.084728112898502e-05,92189
3,V286,1.084728112898502e-05,92189
3,V287,1.084728112898502e-05,92189
3,V288,2.169456225797004e-05,92189
3,V289,2.169456225797004e-05,92189
3,V290,1.084728112898502e-05,92189
3,V291,1.084728112898502e-05,92189
3,V292,1.084728112898502e-05,92189
3,V293,1.084728112898502e-05,92189
3,V294,1.084728112898502e-05,92189
3,V295,1.084728112898502e-05,92189
3,V296,2.169456225797004e-05,92189
3,V297,1.084728112898502e-05,92189
3,V298,1.084728112898502e-05,92189
3,V299,1.084728112898502e-05,92189
3,V300,2.169456225797004e-05,92189
3,V301,2.169456225797004e-05,92189
3,V302,1.084728112898502e-05,92189
3,V303,1.084728112898502e-05,92189
3,V304,1.084728112898502e-05,92189
3,V305,1.084728112898502e-05,92189
3,V306,1.084728112898502e-05,92189
3,V307,1.084728112898502e-05,92189
3,V308,1.084728112898502e-05,92189
3,V309,1.084728112898502e-05,92189
3,V310,1.084728112898502e-05,92189
3,V311,1.084728112898502e-05,92189
3,V312,1.084728112898502e-05,92189
3,V313,2.169456225797004e-05,92189
3,V314,2.169456225797004e-05,92189
3,V315,2.169456225797004e-05,92189
3,V316,1.084728112898502e-05,92189
3,V317,1.084728112898502e-05,92189
3,V318,1.084728112898502e-05,92189
3,V319,1.084728112898502e-05,92189
3,V320,1.084728112898502e-05,92189
3,V321,1.084728112898502e-05,92189
3,V322,0.919556563147447,92189
3,V323,0.919556563147447,92189
3,V324,0.919556563147447,92189
3,V325,0.919556563147447,92189
3,V326,0.919556563147447,92189
3,V327,0.919556563147447,92189
3,V328,0.919556563147447,92189
3,V329,0.919556563147447,92189
3,V330,0.919556563147447,92189
3,V331,0.919556563147447,92189
3,V332,0.919556563147447,92189
3,V333,0.919556563147447,92189
3,V334,0.919556563147447,92189
3,V335,0.919556563147447,92189
3,V336,0.919556563147447,92189
3,V337,0.919556563147447,92189
3,V338,0.919556563147447,92189
3,V339,0.919556563147447,92189
3,id_01,0.8118864506611417,92189
3,id_02,0.8155745262449967,92189
3,id_03,0.9103038323444229,92189
3,id_04,0.9103038323444229,92189
3,id_05,0.8202822462549761,92189
3,id_06,0.8202822462549761,92189
3,id_07,0.9936434932584148,92189
3,id_08,0.9936434932584148,92189
3,id_09,0.900834155918819,92189
3,id_10,0.900834155918819,92189
3,id_11,0.8155745262449967,92189
3,id_12,0.8118864506611417,92189
3,id_13,0.8249682717026977,92189
3,id_14,0.9198711343001876,92189
3,id_15,0.8155745262449967,92189
3,id_16,0.831986462593151,92189
3,id_17,0.8174077167557952,92189
3,id_18,0.9399386043888099,92189
3,id_19,0.8174836477236981,92189
3,id_20,0.8174402585991821,92189
3,id_21,0.9935892568527699,92189
3,id_22,0.9935892568527699,92189
3,id_23,0.9935892568527699,92189
3,id_24,0.9942400937205089,92189
3,id_25,0.9936326459772858,92189
3,id_26,0.9935892568527699,92189
3,id_27,0.9935892568527699,92189
3,id_28,0.8155745262449967,92189
3,id_29,0.8155745262449967,92189
3,id_30,0.9245571597479092,92189
3,id_31,0.8159975702090271,92189
3,id_32,0.9244703814988773,92189
3,id_33,0.9294384362559525,92189
3,id_34,0.9246222434346831,92189
3,id_35,0.8155745262449967,92189
3,id_36,0.8155745262449967,92189
3,id_37,0.8155745262449967,92189
3,id_38,0.8155745262449967,92189
3,DeviceType,0.8157046936185445,92189
3,DeviceInfo,0.8514573322196791,92189
4,TransactionAmt,0.0,98615
4,ProductCD,0.0,98615
4,card1,0.0,98615
4,card2,0.008274603255082898,98615
4,card3,3.04213354966283e-05,98615
4,card4,4.056178066217107e-05,98615
4,card5,0.004847132789129443,98615
4,card6,4.056178066217107e-05,98615
4,addr1,0.1259240480657101,98615
4,addr2,0.1259240480657101,98615
4,dist1,0.6171170714394362,98615
4,dist2,0.9623992293261674,98615
4,P_emaildomain,0.14669167976474168,98615
4,R_emaildomain,0.8233433047710794,98615
4,C1,0.0,98615
4,C2,0.0,98615
4,C3,0.0,98615
4,C4,0.0,98615
4,C5,0.0,98615
4,C6,0.0,98615
4,C7,0.0,98615
4,C8,0.0,98615
4,C9,0.0,98615
4,C10,0.0,98615
4,C11,0.0,98615
4,C12,0.0,98615
4,C13,0.0,98615
4,C14,0.0,98615
4,D1,0.002737920194696547,98615
4,D2,0.46751508391218377,98615
4,D3,0.42653754499822544,98615
4,D4,0.19906707904477006,98615
4,D5,0.4821984485118897,98615
4,D6,0.8783450793489834,98615
4,D7,0.9355473305278101,98615
4,D8,0.9026213050752928,98615
4,D9,0.9026213050752928,98615
4,D10,0.05928104243776302,98615
4,D11,0.30427419763727626,98615
4,D12,0.8861937839071136,98615
4,D13,0.8823302742990418,98615
4,D14,0.8883841200628707,98615
4,D15,0.08612280079095472,98615
4,M1,0.2999645084419206,98615
4,M2,0.2999645084419206,98615
4,M3,0.2999645084419206,98615
4,M4,0.43460933934999746,98615
4,M5,0.5560310297622065,98615
4,M6,0.23339248593013234,98615
4,M7,0.4058611773056837,98615
4,M8,0.4058206155250215,98615
4,M9,0.4058206155250215,98615
4,V1,0.30427419763727626,98615
4,V2,0.30427419763727626,98615
4,V3,0.30427419763727626,98615
4,V4,0.30427419763727626,98615
4,V5,0.30427419763727626,98615
4,V6,0.30427419763727626,98615
4,V7,0.30427419763727626,98615
4,V8,0.30427419763727626,98615
4,V9,0.30427419763727626,98615
4,V10,0.30427419763727626,98615
4,V11,0.30427419763727626,98615
4,V12,0.05933174466359073,98615
4,V13,0.05933174466359073,98615
4,V14,0.05933174466359073,98615
4,V15,0.05933174466359073,98615
4,V16,0.05933174466359073,98615
4,V17,0.05933174466359073,98615
4,V18,0.05933174466359073,98615
4,V19,0.05933174466359073,98615
4,V20,0.05933174466359073,98615
4,V21,0.05933174466359073,98615
4,V22,0.05933174466359073,98615
4,V23,0.05933174466359073,98615
4,V24,0.05933174466359073,98615
4,V25,0.05933174466359073,98615
4,V26,0.05933174466359073,98615
4,V27,0.05933174466359073,98615
4,V28,0.05933174466359073,98615
4,V29,0.05933174466359073,98615
4,V30,0.05933174466359073,98615
4,V31,0.05933174466359073,98615
4,V32,0.05933174466359073,98615
4,V33,0.05933174466359073,98615
4,V34,0.05933174466359073,98615
4,V35,0.19920904527708766,98615
4,V36,0.19920904527708766,98615
4,V37,0.19920904527708766,98615
4,V38,0.19920904527708766,98615
4,V39,0.19920904527708766,98615
4,V40,0.19920904527708766,98615
4,V41,0.19920904527708766,98615
4,V42,0.19920904527708766,98615
4,V43,0.19920904527708766,98615
4,V44,0.19920904527708766,98615
4,V45,0.19920904527708766,98615
4,V46,0.19920904527708766,98615
4,V47,0.19920904527708766,98615
4,V48,0.19920904527708766,98615
4,V49,0.19920904527708766,98615
4,V50,0.19920904527708766,98615
4,V51,0.19920904527708766,98615
4,V52,0.19920904527708766,98615
4,V53,0.06475688282715611,98615
4,V54,0.06475688282715611,98615
4,V55,0.06475688282715611,98615
4,V56,0.06475688282715611,98615
4,V57,0.06475688282715611,98615
4,V58,0.06475688282715611,98615
4,V59,0.06475688282715611,98615
4,V60,0.06475688282715611,98615
4,V61,0.06475688282715611,98615
4,V62,0.06475688282715611,98615
4,V63,0.06475688282715611,98615
4,V64,0.06475688282715611,98615
4,V65,0.06475688282715611,98615
4,V66,0.06475688282715611,98615
4,V67,0.06475688282715611,98615
4,V68,0.06475688282715611,98615
4,V69,0.06475688282715611,98615
4,V70,0.06475688282715611,98615
4,V71,0.06475688282715611,98615
4,V72,0.06475688282715611,98615
4,V73,0.06475688282715611,98615
4,V74,0.06475688282715611,98615
4,V75,0.08619378390711352,98615
4,V76,0.08619378390711352,98615
4,V77,0.08619378390711352,98615
4,V78,0.08619378390711352,98615
4,V79,0.08619378390711352,98615
4,V80,0.08619378390711352,98615
4,V81,0.08619378390711352,98615
4,V82,0.08619378390711352,98615
4,V83,0.08619378390711352,98615
4,V84,0.08619378390711352,98615
4,V85,0.08619378390711352,98615
4,V86,0.08619378390711352,98615
4,V87,0.08619378390711352,98615
4,V88,0.08619378390711352,98615
4,V89,0.08619378390711352,98615
4,V90,0.08619378390711352,98615
4,V91,0.08619378390711352,98615
4,V92,0.08619378390711352,98615
4,V93,0.08619378390711352,98615
4,V94,0.08619378390711352,98615
4,V95,0.0,98615
4,V96,0.0,98615
4,V97,0.0,98615
4,V98,0.0,98615
4,V99,0.0,98615
4,V100,0.0,98615
4,V101,0.0,98615
4,V102,0.0,98615
4,V103,0.0,98615
4,V104,0.0,98615
4,V105,0.0,98615
4,V106,0.0,98615
4,V107,0.0,98615
4,V108,0.0,98615
4,V109,0.0,98615
4,V110,0.0,98615
4,V111,0.0,98615
4,V112,0.0,98615
4,V113,0.0,98615
4,V114,0.0,98615
4,V115,0.0,98615
4,V116,0.0,98615
4,V117,0.0,98615
4,V118,0.0,98615
4,V119,0.0,98615
4,V120,0.0,98615
4,V121,0.0,98615
4,V122,0.0,98615
4,V123,0.0,98615
4,V124,0.0,98615
4,V125,0.0,98615
4,V126,0.0,98615
4,V127,0.0,98615
4,V128,0.0,98615
4,V129,0.0,98615
4,V130,0.0,98615
4,V131,0.0,98615
4,V132,0.0,98615
4,V133,0.0,98615
4,V134,0.0,98615
4,V135,0.0,98615
4,V136,0.0,98615
4,V137,0.0,98615
4,V138,0.9325863205394717,98615
4,V139,0.9325863205394717,98615
4,V140,0.9325863205394717,98615
4,V141,0.9325863205394717,98615
4,V142,0.9325863205394717,98615
4,V143,0.9325863205394717,98615
4,V144,0.9325863205394717,98615
4,V145,0.9325863205394717,98615
4,V146,0.9325863205394717,98615
4,V147,0.9325863205394717,98615
4,V148,0.9325863205394717,98615
4,V149,0.9325863205394717,98615
4,V150,0.9325863205394717,98615
4,V151,0.9325863205394717,98615
4,V152,0.9325863205394717,98615
4,V153,0.9325863205394717,98615
4,V154,0.9325863205394717,98615
4,V155,0.9325863205394717,98615
4,V156,0.9325863205394717,98615
4,V157,0.9325863205394717,98615
4,V158,0.9325863205394717,98615
4,V159,0.9325863205394717,98615
4,V160,0.9325863205394717,98615
4,V161,0.9325863205394717,98615
4,V162,0.9325863205394717,98615
4,V163,0.9325863205394717,98615
4,V164,0.9325863205394717,98615
4,V165,0.9325863205394717,98615
4,V166,0.9325863205394717,98615
4,V167,0.8174922679105613,98615
4,V168,0.8174922679105613,98615
4,V169,0.8172691781169193,98615
4,V170,0.8172691781169193,98615
4,V171,0.8172691781169193,98615
4,V172,0.8174922679105613,98615
4,V173,0.8174922679105613,98615
4,V174,0.8172691781169193,98615
4,V175,0.8172691781169193,98615
4,V176,0.8174922679105613,98615
4,V177,0.8174922679105613,98615
4,V178,0.8174922679105613,98615
4,V179,0.8174922679105613,98615
4,V180,0.8172691781169193,98615
4,V181,0.8174922679105613,98615
4,V182,0.8174922679105613,98615
4,V183,0.8174922679105613,98615
4,V184,0.8172691781169193,98615
4,V185,0.8172691781169193,98615
4,V186,0.8174922679105613,98615
4,V187,0.8174922679105613,98615
4,V188,0.8172691781169193,98615
4,V189,0.8172691781169193,98615
4,V190,0.8174922679105613,98615
4,V191,0.8174922679105613,98615
4,V192,0.8174922679105613,98615
4,V193,0.8174922679105613,98615
4,V194,0.8172691781169193,98615
4,V195,0.8172691781169193,98615
4,V196,0.8174922679105613,98615
4,V197,0.8172691781169193,98615
4,V198,0.8172691781169193,98615
4,V199,0.8174922679105613,98615
4,V200,0.8172691781169193,98615
4,V201,0.8172691781169193,98615
4,V202,0.8174922679105613,98615
4,V203,0.8174922679105613,98615
4,V204,0.8174922679105613,98615
4,V205,0.8174922679105613,98615
4,V206,0.8174922679105613,98615
4,V207,0.8174922679105613,98615
4,V208,0.8172691781169193,98615
4,V209,0.8172691781169193,98615
4,V210,0.8172691781169193,98615
4,V211,0.8174922679105613,98615
4,V212,0.8174922679105613,98615
4,V213,0.8174922679105613,98615
4,V214,0.8174922679105613,98615
4,V215,0.8174922679105613,98615
4,V216,0.8174922679105613,98615
4,V217,0.8326927952137099,98615
4,V218,0.8326927952137099,98615
4,V219,0.8326927952137099,98615
4,V220,0.8164275211681793,98615
4,V221,0.8164275211681793,98615
4,V222,0.8164275211681793,98615
4,V223,0.8326927952137099,98615
4,V224,0.8326927952137099,98615
4,V225,0.8326927952137099,98615
4,V226,0.8326927952137099,98615
4,V227,0.8164275211681793,98615
4,V228,0.8326927952137099,98615
4,V229,0.8326927952137099,98615
4,V230,0.8326927952137099,98615
4,V231,0.8326927952137099,98615
4,V232,0.8326927952137099,98615
4,V233,0.8326927952137099,98615
4,V234,0.8164275211681793,98615
4,V235,0.8326927952137099,98615
4,V236,0.8326927952137099,98615
4,V237,0.8326927952137099,98615
4,V238,0.8164275211681793,98615
4,V239,0.8164275211681793,98615
4,V240,0.8326927952137099,98615
4,V241,0.8326927952137099,98615
4,V242,0.8326927952137099,98615
4,V243,0.8326927952137099,98615
4,V244,0.8326927952137099,98615
4,V245,0.8164275211681793,98615
4,V246,0.8326927952137099,98615
4,V247,0.8326927952137099,98615
4,V248,0.8326927952137099,98615
4,V249,0.8326927952137099,98615
4,V250,0.8164275211681793,98615
4,V251,0.8164275211681793,98615
4,V252,0.8326927952137099,98615
4,V253,0.8326927952137099,98615
4,V254,0.8326927952137099,98615
4,V255,0.8164275211681793,98615
4,V256,0.8164275211681793,98615
4,V257,0.8326927952137099,98615
4,V258,0.8326927952137099,98615
4,V259,0.8164275211681793,98615
4,V260,0.8326927952137099,98615
4,V261,0.8326927952137099,98615
4,V262,0.8326927952137099,98615
4,V263,0.8326927952137099,98615
4,V264,0.8326927952137099,98615
4,V265,0.8326927952137099,98615
4,V266,0.8326927952137099,98615
4,V267,0.8326927952137099,98615
4,V268,0.8326927952137099,98615
4,V269,0.8326927952137099,98615
4,V270,0.8164275211681793,98615
4,V271,0.8164275211681793,98615
4,V272,0.8164275211681793,98615
4,V273,0.8326927952137099,98615
4,V274,0.8326927952137099,98615
4,V275,0.8326927952137099,98615
4,V276,0.8326927952137099,98615
4,V277,0.8326927952137099,98615
4,V278,0.8326927952137099,98615
4,V279,0.0,98615
4,V280,0.0,98615
4,V281,0.002737920194696547,98615
4,V282,0.002737920194696547,98615
4,V283,0.002737920194696547,98615
4,V284,0.0,98615
4,V285,0.0,98615
4,V286,0.0,98615
4,V287,0.0,98615
4,V288,0.002737920194696547,98615
4,V289,0.002737920194696547,98615
4,V290,0.0,98615
4,V291,0.0,98615
4,V292,0.0,98615
4,V293,0.0,98615
4,V294,0.0,98615
4,V295,0.0,98615
4,V296,0.002737920194696547,98615
4,V297,0.0,98615
4,V298,0.0,98615
4,V299,0.0,98615
4,V300,0.002737920194696547,98615
4,V301,0.002737920194696547,98615
4,V302,0.0,98615
4,V303,0.0,98615
4,V304,0.0,98615
4,V305,0.0,98615
4,V306,0.0,98615
4,V307,0.0,98615
4,V308,0.0,98615
4,V309,0.0,98615
4,V310,0.0,98615
4,V311,0.0,98615
4,V312,0.0,98615
4,V313,0.002737920194696547,98615
4,V314,0.002737920194696547,98615
4,V315,0.002737920194696547,98615
4,V316,0.0,98615
4,V317,0.0,98615
4,V318,0.0,98615
4,V319,0.0,98615
4,V320,0.0,98615
4,V321,0.0,98615
4,V322,0.9321705622876845,98615
4,V323,0.9321705622876845,98615
4,V324,0.9321705622876845,98615
4,V325,0.9321705622876845,98615
4,V326,0.9321705622876845,98615
4,V327,0.9321705622876845,98615
4,V328,0.9321705622876845,98615
4,V329,0.9321705622876845,98615
4,V330,0.9321705622876845,98615
4,V331,0.9321705622876845,98615
4,V332,0.9321705622876845,98615
4,V333,0.9321705622876845,98615
4,V334,0.9321705622876845,98615
4,V335,0.9321705622876845,98615
4,V336,0.9321705622876845,98615
4,V337,0.9321705622876845,98615
4,V338,0.9321705622876845,98615
4,V339,0.9321705622876845,98615
4,id_01,0.813283983166861,98615
4,id_02,0.8169953860974497,98615
4,id_03,0.9139887441058663,98615
4,id_04,0.9139887441058663,98615
4,id_05,0.8212543730669777,98615
4,id_06,0.8212543730669777,98615
4,id_07,0.9938650306748467,98615
4,id_08,0.9938650306748467,98615
4,id_09,0.9026213050752928,98615
4,id_10,0.9026213050752928,98615
4,id_11,0.8169751052071186,98615
4,id_12,0.813283983166861,98615
4,id_13,0.8260001014044517,98615
4,id_14,0.9309131470871571,98615
4,id_15,0.8169751052071186,98615
4,id_16,0.84054149977184,98615
4,id_17,0.8187091213304264,98615
4,id_18,0.9430715408406429,98615
4,id_19,0.8188206662272474,98615
4,id_20,0.818982913349896,98615
4,id_21,0.9938548902296811,98615
4,id_22,0.9938548902296811,98615
4,id_23,0.9938548902296811,98615
4,id_24,0.9945850022816002,98615
4,id_25,0.9939360137910054,98615
4,id_26,0.9939055924555088,98615
4,id_27,0.9938548902296811,98615
4,id_28,0.8169751052071186,98615
4,id_29,0.8169751052071186,98615
4,id_30,0.9357501394311211,98615
4,id_31,0.8175328296912234,98615
4,id_32,0.9356588754246311,98615
4,id_33,0.9393499974648887,98615
4,id_34,0.9356487349794655,98615
4,id_35,0.8169751052071186,98615
4,id_36,0.8169751052071186,98615
4,id_37,0.8169751052071186,98615
4,id_38,0.8169751052071186,98615
4,DeviceType,0.817076509658774,98615
4,DeviceInfo,0.8580236272372357,98615
5,TransactionAmt,0.0,83571
5,ProductCD,0.0,83571
5,card1,0.0,83571
5,card2,0.009070131983582821,83571
5,card3,2.3931746658529874e-05,83571
5,card4,4.786349331705975e-05,83571
5,card5,0.0032547175455600627,83571
5,card6,2.3931746658529874e-05,83571
5,addr1,0.10069282406576444,83571
5,addr2,0.10069282406576444,83571
5,dist1,0.5378301085304711,83571
5,dist2,0.9529142884493425,83571
5,P_emaildomain,0.15907432003924807,83571
5,R_emaildomain,0.8223546445537327,83571
5,C1,0.0,83571
5,C2,0.0,83571
5,C3,0.0,83571
5,C4,0.0,83571
5,C5,0.0,83571
5,C6,0.0,83571
5,C7,0.0,83571
5,C8,0.0,83571
5,C9,0.0,83571
5,C10,0.0,83571
5,C11,0.0,83571
5,C12,0.0,83571
5,C13,0.0,83571
5,C14,0.0,83571
5,D1,0.011415443156118749,83571
5,D2,0.4235081547426739,83571
5,D3,0.38977635782747605,83571
5,D4,0.28136554546433573,83571
5,D5,0.49918033767694536,83571
5,D6,0.9000610259539793,83571
5,D7,0.9455313446051861,83571
5,D8,0.9072166182048796,83571
5,D9,0.9072166182048796,83571
5,D10,0.08617821971736607,83571
5,D11,0.3255914132892989,83571
5,D12,0.9093226119108303,83571
5,D13,0.9168850438549258,83571
5,D14,0.9168611121082673,83571
5,D15,0.14079046559213124,83571
5,M1,0.269591126108339,83571
5,M2,0.269591126108339,83571
5,M3,0.269591126108339,83571
5,M4,0.45666558973806703,83571
5,M5,0.5652678560744756,83571
5,M6,0.21470366514700076,83571
5,M7,0.4036807026360819,83571
5,M8,0.4035849756494478,83571
5,M9,0.4035849756494478,83571
5,V1,0.3255914132892989,83571
5,V2,0.3255914132892989,83571
5,V3,0.3255914132892989,83571
5,V4,0.3255914132892989,83571
5,V5,0.3255914132892989,83571
5,V6,0.3255914132892989,83571
5,V7,0.3255914132892989,83571
5,V8,0.3255914132892989,83571
5,V9,0.3255914132892989,83571
5,V10,0.3255914132892989,83571
5,V11,0.3255914132892989,83571
5,V12,0.08636967369063431,83571
5,V13,0.08636967369063431,83571
5,V14,0.08636967369063431,83571
5,V15,0.08636967369063431,83571
5,V16,0.08636967369063431,83571
5,V17,0.08636967369063431,83571
5,V18,0.08636967369063431,83571
5,V19,0.08636967369063431,83571
5,V20,0.08636967369063431,83571
5,V21,0.08636967369063431,83571
5,V22,0.08636967369063431,83571
5,V23,0.08636967369063431,83571
5,V24,0.08636967369063431,83571
5,V25,0.08636967369063431,83571
5,V26,0.08636967369063431,83571
5,V27,0.08636967369063431,83571
5,V28,0.08636967369063431,83571
5,V29,0.08636967369063431,83571
5,V30,0.08636967369063431,83571
5,V31,0.08636967369063431,83571
5,V32,0.08636967369063431,83571
5,V33,0.08636967369063431,83571
5,V34,0.08636967369063431,83571
5,V35,0.28149717007095765,83571
5,V36,0.28149717007095765,83571
5,V37,0.28149717007095765,83571
5,V38,0.28149717007095765,83571
5,V39,0.28149717007095765,83571
5,V40,0.28149717007095765,83571
5,V41,0.28149717007095765,83571
5,V42,0.28149717007095765,83571
5,V43,0.28149717007095765,83571
5,V44,0.28149717007095765,83571
5,V45,0.28149717007095765,83571
5,V46,0.28149717007095765,83571
5,V47,0.28149717007095765,83571
5,V48,0.28149717007095765,83571
5,V49,0.28149717007095765,83571
5,V50,0.28149717007095765,83571
5,V51,0.28149717007095765,83571
5,V52,0.28149717007095765,83571
5,V53,0.07611492024745425,83571
5,V54,0.07611492024745425,83571
5,V55,0.07611492024745425,83571
5,V56,0.07611492024745425,83571
5,V57,0.07611492024745425,83571
5,V58,0.07611492024745425,83571
5,V59,0.07611492024745425,83571
5,V60,0.07611492024745425,83571
5,V61,0.07611492024745425,83571
5,V62,0.07611492024745425,83571
5,V63,0.07611492024745425,83571
5,V64,0.07611492024745425,83571
5,V65,0.07611492024745425,83571
5,V66,0.07611492024745425,83571
5,V67,0.07611492024745425,83571
5,V68,0.07611492024745425,83571
5,V69,0.07611492024745425,83571
5,V70,0.07611492024745425,83571
5,V71,0.07611492024745425,83571
5,V72,0.07611492024745425,83571
5,V73,0.07611492024745425,83571
5,V74,0.07611492024745425,83571
5,V75,0.14102978305871655,83571
5,V76,0.14102978305871655,83571
5,V77,0.14102978305871655,83571
5,V78,0.14102978305871655,83571
5,V79,0.14102978305871655,83571
5,V80,0.14102978305871655,83571
5,V81,0.14102978305871655,83571
5,V82,0.14102978305871655,83571
5,V83,0.14102978305871655,83571
5,V84,0.14102978305871655,83571
5,V85,0.14102978305871655,83571
5,V86,0.14102978305871655,83571
5,V87,0.14102978305871655,83571
5,V88,0.14102978305871655,83571
5,V89,0.14102978305871655,83571
5,V90,0.14102978305871655,83571
5,V91,0.14102978305871655,83571
5,V92,0.14102978305871655,83571
5,V93,0.14102978305871655,83571
5,V94,0.14102978305871655,83571
5,V95,0.0028598437256943197,83571
5,V96,0.0028598437256943197,83571
5,V97,0.0028598437256943197,83571
5,V98,0.0028598437256943197,83571
5,V99,0.0028598437256943197,83571
5,V100,0.0028598437256943197,83571
5,V101,0.0028598437256943197,83571
5,V102,0.0028598437256943197,83571
5,V103,0.0028598437256943197,83571
5,V104,0.0028598437256943197,83571
5,V105,0.0028598437256943197,83571
5,V106,0.0028598437256943197,83571
5,V107,0.0028598437256943197,83571
5,V108,0.0028598437256943197,83571
5,V109,0.0028598437256943197,83571
5,V110,0.0028598437256943197,83571
5,V111,0.0028598437256943197,83571
5,V112,0.0028598437256943197,83571
5,V113,0.0028598437256943197,83571
5,V114,0.0028598437256943197,83571
5,V115,0.0028598437256943197,83571
5,V116,0.0028598437256943197,83571
5,V117,0.0028598437256943197,83571
5,V118,0.0028598437256943197,83571
5,V119,0.0028598437256943197,83571
5,V120,0.0028598437256943197,83571
5,V121,0.0028598437256943197,83571
5,V122,0.0028598437256943197,83571
5,V123,0.0028598437256943197,83571
5,V124,0.0028598437256943197,83571
5,V125,0.0028598437256943197,83571
5,V126,0.0028598437256943197,83571
5,V127,0.0028598437256943197,83571
5,V128,0.0028598437256943197,83571
5,V129,0.0028598437256943197,83571
5,V130,0.0028598437256943197,83571
5,V131,0.0028598437256943197,83571
5,V132,0.0028598437256943197,83571
5,V133,0.0028598437256943197,83571
5,V134,0.0028598437256943197,83571
5,V135,0.0028598437256943197,83571
5,V136,0.0028598437256943197,83571
5,V137,0.0028598437256943197,83571
5,V138,0.919697024087303,83571
5,V139,0.919697024087303,83571
5,V140,0.919697024087303,83571
5,V141,0.919697024087303,83571
5,V142,0.919697024087303,83571
5,V143,0.919697024087303,83571
5,V144,0.919697024087303,83571
5,V145,0.919697024087303,83571
5,V146,0.919697024087303,83571
5,V147,0.919697024087303,83571
5,V148,0.919697024087303,83571
5,V149,0.919697024087303,83571
5,V150,0.919697024087303,83571
5,V151,0.919697024087303,83571
5,V152,0.919697024087303,83571
5,V153,0.919697024087303,83571
5,V154,0.919697024087303,83571
5,V155,0.919697024087303,83571
5,V156,0.919697024087303,83571
5,V157,0.919697024087303,83571
5,V158,0.919697024087303,83571
5,V159,0.919697024087303,83571
5,V160,0.919697024087303,83571
5,V161,0.919697024087303,83571
5,V162,0.919697024087303,83571
5,V163,0.919697024087303,83571
5,V164,0.919697024087303,83571
5,V165,0.919697024087303,83571
5,V166,0.919697024087303,83571
5,V167,0.8324299098969739,83571
5,V168,0.8324299098969739,83571
5,V169,0.8299769058644745,83571
5,V170,0.8299769058644745,83571
5,V171,0.8299769058644745,83571
5,V172,0.8324299098969739,83571
5,V173,0.8324299098969739,83571
5,V174,0.8299769058644745,83571
5,V175,0.8299769058644745,83571
5,V176,0.8324299098969739,83571
5,V177,0.8324299098969739,83571
5,V178,0.8324299098969739,83571
5,V179,0.8324299098969739,83571
5,V180,0.8299769058644745,83571
5,V181,0.8324299098969739,83571
5,V182,0.8324299098969739,83571
5,V183,0.8324299098969739,83571
5,V184,0.8299769058644745,83571
5,V185,0.8299769058644745,83571
5,V186,0.8324299098969739,83571
5,V187,0.8324299098969739,83571
5,V188,0.8299769058644745,83571
5,V189,0.8299769058644745,83571
5,V190,0.8324299098969739,83571
5,V191,0.8324299098969739,83571
5,V192,0.8324299098969739,83571
5,V193,0.8324299098969739,83571
5,V194,0.8299769058644745,83571
5,V195,0.8299769058644745,83571
5,V196,0.8324299098969739,83571
5,V197,0.8299769058644745,83571
5,V198,0.8299769058644745,83571
5,V199,0.8324299098969739,83571
5,V200,0.8299769058644745,83571
5,V201,0.8299769058644745,83571
5,V202,0.8324299098969739,83571
5,V203,0.8324299098969739,83571
5,V204,0.8324299098969739,83571
5,V205,0.8324299098969739,83571
5,V206,0.8324299098969739,83571
5,V207,0.8324299098969739,83571
5,V208,0.8299769058644745,83571
5,V209,0.8299769058644745,83571
5,V210,0.8299769058644745,83571
5,V211,0.8324299098969739,83571
5,V212,0.8324299098969739,83571
5,V213,0.8324299098969739,83571
5,V214,0.8324299098969739,83571
5,V215,0.8324299098969739,83571
5,V216,0.8324299098969739,83571
5,V217,0.8454966435725312,83571
5,V218,0.8454966435725312,83571
5,V219,0.8454966435725312,83571
5,V220,0.8323102511636812,83571
5,V221,0.8323102511636812,83571
5,V222,0.8323102511636812,83571
5,V223,0.8454966435725312,83571
5,V224,0.8454966435725312,83571
5,V225,0.8454966435725312,83571
5,V226,0.8454966435725312,83571
5,V227,0.8323102511636812,83571
5,V228,0.8454966435725312,83571
5,V229,0.8454966435725312,83571
5,V230,0.8454966435725312,83571
5,V231,0.8454966435725312,83571
5,V232,0.8454966435725312,83571
5,V233,0.8454966435725312,83571
5,V234,0.8323102511636812,83571
5,V235,0.8454966435725312,83571
5,V236,0.8454966435725312,83571
5,V237,0.8454966435725312,83571
5,V238,0.8323102511636812,83571
5,V239,0.8323102511636812,83571
5,V240,0.8454966435725312,83571
5,V241,0.8454966435725312,83571
5,V242,0.8454966435725312,83571
5,V243,0.8454966435725312,83571
5,V244,0.8454966435725312,83571
5,V245,0.8323102511636812,83571
5,V246,0.8454966435725312,83571
5,V247,0.8454966435725312,83571
5,V248,0.8454966435725312,83571
5,V249,0.8454966435725312,83571
5,V250,0.8323102511636812,83571
5,V251,0.8323102511636812,83571
5,V252,0.8454966435725312,83571
5,V253,0.8454966435725312,83571
5,V254,0.8454966435725312,83571
5,V255,0.8323102511636812,83571
5,V256,0.8323102511636812,83571
5,V257,0.8454966435725312,83571
5,V258,0.8454966435725312,83571
5,V259,0.8323102511636812,83571
5,V260,0.8454966435725312,83571
5,V261,0.8454966435725312,83571
5,V262,0.8454966435725312,83571
5,V263,0.8454966435725312,83571
5,V264,0.8454966435725312,83571
5,V265,0.8454966435725312,83571
5,V266,0.8454966435725312,83571
5,V267,0.8454966435725312,83571
5,V268,0.8454966435725312,83571
5,V269,0.8454966435725312,83571
5,V270,0.8323102511636812,83571
5,V271,0.8323102511636812,83571
5,V272,0.8323102511636812,83571
5,V273,0.8454966435725312,83571
5,V274,0.8454966435725312,83571
5,V275,0.8454966435725312,83571
5,V276,0.8454966435725312,83571
5,V277,0.8454966435725312,83571
5,V278,0.8454966435725312,83571
5,V279,0.0,83571
5,V280,0.0,83571
5,V281,0.011415443156118749,83571
5,V282,0.011415443156118749,83571
5,V283,0.011415443156118749,83571
5,V284,0.0,83571
5,V285,0.0,83571
5,V286,0.0,83571
5,V287,0.0,83571
5,V288,0.011415443156118749,83571
5,V289,0.011415443156118749,83571
5,V290,0.0,83571
5,V291,0.0,83571
5,V292,0.0,83571
5,V293,0.0,83571
5,V294,0.0,83571
5,V295,0.0,83571
5,V296,0.011415443156118749,83571
5,V297,0.0,83571
5,V298,0.0,83571
5,V299,0.0,83571
5,V300,0.011415443156118749,83571
5,V301,0.011415443156118749,83571
5,V302,0.0,83571
5,V303,0.0,83571
5,V304,0.0,83571
5,V305,0.0,83571
5,V306,0.0,83571
5,V307,0.0,83571
5,V308,0.0,83571
5,V309,0.0,83571
5,V310,0.0,83571
5,V311,0.0,83571
5,V312,0.0,83571
5,V313,0.011415443156118749,83571
5,V314,0.011415443156118749,83571
5,V315,0.011415443156118749,83571
5,V316,0.0,83571
5,V317,0.0,83571
5,V318,0.0,83571
5,V319,0.0,83571
5,V320,0.0,83571
5,V321,0.0,83571
5,V322,0.9192183891541325,83571
5,V323,0.9192183891541325,83571
5,V324,0.9192183891541325,83571
5,V325,0.9192183891541325,83571
5,V326,0.9192183891541325,83571
5,V327,0.9192183891541325,83571
5,V328,0.9192183891541325,83571
5,V329,0.9192183891541325,83571
5,V330,0.9192183891541325,83571
5,V331,0.9192183891541325,83571
5,V332,0.9192183891541325,83571
5,V333,0.9192183891541325,83571
5,V334,0.9192183891541325,83571
5,V335,0.9192183891541325,83571
5,V336,0.9192183891541325,83571
5,V337,0.9192183891541325,83571
5,V338,0.9192183891541325,83571
5,V339,0.9192183891541325,83571
5,id_01,0.8232640509267569,83571
5,id_02,0.8279786050184873,83571
5,id_03,0.916083330341865,83571
5,id_04,0.916083330341865,83571
5,id_05,0.8337820535831808,83571
5,id_06,0.8337820535831808,83571
5,id_07,0.9936221895155017,83571
5,id_08,0.9936221895155017,83571
5,id_09,0.9072166182048796,83571
5,id_10,0.9072166182048796,83571
5,id_11,0.8279786050184873,83571
5,id_12,0.8232640509267569,83571
5,id_13,0.8367974536621555,83571
5,id_14,0.9210611336468392,83571
5,id_15,0.8279786050184873,83571
5,id_16,0.8440009094063731,83571
5,id_17,0.829773486017877,83571
5,id_18,0.9421091048330162,83571
5,id_19,0.8298692130045111,83571
5,id_20,0.8299888717378038,83571
5,id_21,0.9936580871354895,83571
5,id_22,0.993586291895514,83571
5,id_23,0.993586291895514,83571
5,id_24,0.9940768927020138,83571
5,id_25,0.9936461212621603,83571
5,id_26,0.993586291895514,83571
5,id_27,0.993586291895514,83571
5,id_28,0.8279786050184873,83571
5,id_29,0.8279786050184873,83571
5,id_30,0.9239209773725335,83571
5,id_31,0.8284452740783286,83571
5,id_32,0.9239090114992042,83571
5,id_33,0.9239090114992042,83571
5,id_34,0.923849182132558,83571
5,id_35,0.8279786050184873,83571
5,id_36,0.8279786050184873,83571
5,id_37,0.8279786050184873,83571
5,id_38,0.8279786050184873,83571
5,DeviceType,0.82809826375178,83571
5,DeviceInfo,0.8625121154467459,83571
6,TransactionAmt,0.0,3846
6,ProductCD,0.0,3846
6,card1,0.0,3846
6,card2,0.008840353614144566,3846
6,card3,0.0,3846
6,card4,0.0,3846
6,card5,0.0026001040041601664,3846
6,card6,0.0,3846
6,addr1,0.09412376495059803,3846
6,addr2,0.09412376495059803,3846
6,dist1,0.5179407176287052,3846
6,dist2,0.9609984399375975,3846
6,P_emaildomain,0.17368694747789912,3846
6,R_emaildomain,0.8211128445137805,3846
6,C1,0.0,3846
6,C2,0.0,3846
6,C3,0.0,3846
6,C4,0.0,3846
6,C5,0.0,3846
6,C6,0.0,3846
6,C7,0.0,3846
6,C8,0.0,3846
6,C9,0.0,3846
6,C10,0.0,3846
6,C11,0.0,3846
6,C12,0.0,3846
6,C13,0.0,3846
6,C14,0.0,3846
6,D1,0.0,3846
6,D2,0.38923556942277693,3846
6,D3,0.36947477899115966,3846
6,D4,0.2327093083723349,3846
6,D5,0.4628185127405096,3846
6,D6,0.892095683827353,3846
6,D7,0.9414976599063962,3846
6,D8,0.9009360374414976,3846
6,D9,0.9009360374414976,3846
6,D10,0.08008320332813312,3846
6,D11,0.24336973478939158,3846
6,D12,0.9040561622464899,3846
6,D13,0.9045761830473219,3846
6,D14,0.9139365574622985,3846
6,D15,0.07644305772230889,3846
6,M1,0.2436297451898076,3846
6,M2,0.2436297451898076,3846
6,M3,0.2436297451898076,3846
6,M4,0.5639625585023401,3846
6,M5,0.6645865834633385,3846
6,M6,0.21320852834113366,3846
6,M7,0.3406136245449818,3846
6,M8,0.3406136245449818,3846
6,M9,0.3406136245449818,3846
6,V1,0.24336973478939158,3846
6,V2,0.24336973478939158,3846
6,V3,0.24336973478939158,3846
6,V4,0.24336973478939158,3846
6,V5,0.24336973478939158,3846
6,V6,0.24336973478939158,3846
6,V7,0.24336973478939158,3846
6,V8,0.24336973478939158,3846
6,V9,0.24336973478939158,3846
6,V10,0.24336973478939158,3846
6,V11,0.24336973478939158,3846
6,V12,0.08008320332813312,3846
6,V13,0.08008320332813312,3846
6,V14,0.08008320332813312,3846
6,V15,0.08008320332813312,3846
6,V16,0.08008320332813312,3846
6,V17,0.08008320332813312,3846
6,V18,0.08008320332813312,3846
6,V19,0.08008320332813312,3846
6,V20,0.08008320332813312,3846
6,V21,0.08008320332813312,3846
6,V22,0.08008320332813312,3846
6,V23,0.08008320332813312,3846
6,V24,0.08008320332813312,3846
6,V25,0.08008320332813312,3846
6,V26,0.08008320332813312,3846
6,V27,0.08008320332813312,3846
6,V28,0.08008320332813312,3846
6,V29,0.08008320332813312,3846
6,V30,0.08008320332813312,3846
6,V31,0.08008320332813312,3846
6,V32,0.08008320332813312,3846
6,V33,0.08008320332813312,3846
6,V34,0.08008320332813312,3846
6,V35,0.2327093083723349,3846
6,V36,0.2327093083723349,3846
6,V37,0.2327093083723349,3846
6,V38,0.2327093083723349,3846
6,V39,0.2327093083723349,3846
6,V40,0.2327093083723349,3846
6,V41,0.2327093083723349,3846
6,V42,0.2327093083723349,3846
6,V43,0.2327093083723349,3846
6,V44,0.2327093083723349,3846
6,V45,0.2327093083723349,3846
6,V46,0.2327093083723349,3846
6,V47,0.2327093083723349,3846
6,V48,0.2327093083723349,3846
6,V49,0.2327093083723349,3846
6,V50,0.2327093083723349,3846
6,V51,0.2327093083723349,3846
6,V52,0.2327093083723349,3846
6,V53,0.08814352574102964,3846
6,V54,0.08814352574102964,3846
6,V55,0.08814352574102964,3846
6,V56,0.08814352574102964,3846
6,V57,0.08814352574102964,3846
6,V58,0.08814352574102964,3846
6,V59,0.08814352574102964,3846
6,V60,0.08814352574102964,3846
6,V61,0.08814352574102964,3846
6,V62,0.08814352574102964,3846
6,V63,0.08814352574102964,3846
6,V64,0.08814352574102964,3846
6,V65,0.08814352574102964,3846
6,V66,0.08814352574102964,3846
6,V67,0.08814352574102964,3846
6,V68,0.08814352574102964,3846
6,V69,0.08814352574102964,3846
6,V70,0.08814352574102964,3846
6,V71,0.08814352574102964,3846
6,V72,0.08814352574102964,3846
6,V73,0.08814352574102964,3846
6,V74,0.08814352574102964,3846
6,V75,0.07644305772230889,3846
6,V76,0.07644305772230889,3846
6,V77,0.07644305772230889,3846
6,V78,0.07644305772230889,3846
6,V79,0.07644305772230889,3846
6,V80,0.07644305772230889,3846
6,V81,0.07644305772230889,3846
6,V82,0.07644305772230889,3846
6,V83,0.07644305772230889,3846
6,V84,0.07644305772230889,3846
6,V85,0.07644305772230889,3846
6,V86,0.07644305772230889,3846
6,V87,0.07644305772230889,3846
6,V88,0.07644305772230889,3846
6,V89,0.07644305772230889,3846
6,V90,0.07644305772230889,3846
6,V91,0.07644305772230889,3846
6,V92,0.07644305772230889,3846
6,V93,0.07644305772230889,3846
6,V94,0.07644305772230889,3846
6,V95,0.0,3846
6,V96,0.0,3846
6,V97,0.0,3846
6,V98,0.0,3846
6,V99,0.0,3846
6,V100,0.0,3846
6,V101,0.0,3846
6,V102,0.0,3846
6,V103,0.0,3846
6,V104,0.0,3846
6,V105,0.0,3846
6,V106,0.0,3846
6,V107,0.0,3846
6,V108,0.0,3846
6,V109,0.0,3846
6,V110,0.0,3846
6,V111,0.0,3846
6,V112,0.0,3846
6,V113,0.0,3846
6,V114,0.0,3846
6,V115,0.0,3846
6,V116,0.0,3846
6,V117,0.0,3846
6,V118,0.0,3846
6,V119,0.0,3846
6,V120,0.0,3846
6,V121,0.0,3846
6,V122,0.0,3846
6,V123,0.0,3846
6,V124,0.0,3846
6,V125,0.0,3846
6,V126,0.0,3846
6,V127,0.0,3846
6,V128,0.0,3846
6,V129,0.0,3846
6,V130,0.0,3846
6,V131,0.0,3846
6,V132,0.0,3846
6,V133,0.0,3846
6,V134,0.0,3846
6,V135,0.0,3846
6,V136,0.0,3846
6,V137,0.0,3846
6,V138,0.9115964638585543,3846
6,V139,0.9115964638585543,3846
6,V140,0.9115964638585543,3846
6,V141,0.9115964638585543,3846
6,V142,0.9115964638585543,3846
6,V143,0.9115964638585543,3846
6,V144,0.9115964638585543,3846
6,V145,0.9115964638585543,3846
6,V146,0.9115964638585543,3846
6,V147,0.9115964638585543,3846
6,V148,0.9115964638585543,3846
6,V149,0.9115964638585543,3846
6,V150,0.9115964638585543,3846
6,V151,0.9115964638585543,3846
6,V152,0.9115964638585543,3846
6,V153,0.9115964638585543,3846
6,V154,0.9115964638585543,3846
6,V155,0.9115964638585543,3846
6,V156,0.9115964638585543,3846
6,V157,0.9115964638585543,3846
6,V158,0.9115964638585543,3846
6,V159,0.9115964638585543,3846
6,V160,0.9115964638585543,3846
6,V161,0.9115964638585543,3846
6,V162,0.9115964638585543,3846
6,V163,0.9115964638585543,3846
6,V164,0.9115964638585543,3846
6,V165,0.9115964638585543,3846
6,V166,0.9115964638585543,3846
6,V167,0.8221528861154446,3846
6,V168,0.8221528861154446,3846
6,V169,0.8221528861154446,3846
6,V170,0.8221528861154446,3846
6,V171,0.8221528861154446,3846
6,V172,0.8221528861154446,3846
6,V173,0.8221528861154446,3846
6,V174,0.8221528861154446,3846
6,V175,0.8221528861154446,3846
6,V176,0.8221528861154446,3846
6,V177,0.8221528861154446,3846
6,V178,0.8221528861154446,3846
6,V179,0.8221528861154446,3846
6,V180,0.8221528861154446,3846
6,V181,0.8221528861154446,3846
6,V182,0.8221528861154446,3846
6,V183,0.8221528861154446,3846
6,V184,0.8221528861154446,3846
6,V185,0.8221528861154446,3846
6,V186,0.8221528861154446,3846
6,V187,0.8221528861154446,3846
6,V188,0.8221528861154446,3846
6,V189,0.8221528861154446,3846
6,V190,0.8221528861154446,3846
6,V191,0.8221528861154446,3846
6,V192,0.8221528861154446,3846
6,V193,0.8221528861154446,3846
6,V194,0.8221528861154446,3846
6,V195,0.8221528861154446,3846
6,V196,0.8221528861154446,3846
6,V197,0.8221528861154446,3846
6,V198,0.8221528861154446,3846
6,V199,0.8221528861154446,3846
6,V200,0.8221528861154446,3846
6,V201,0.8221528861154446,3846
6,V202,0.8221528861154446,3846
6,V203,0.8221528861154446,3846
6,V204,0.8221528861154446,3846
6,V205,0.8221528861154446,3846
6,V206,0.8221528861154446,3846
6,V207,0.8221528861154446,3846
6,V208,0.8221528861154446,3846
6,V209,0.8221528861154446,3846
6,V210,0.8221528861154446,3846
6,V211,0.8221528861154446,3846
6,V212,0.8221528861154446,3846
6,V213,0.8221528861154446,3846
6,V214,0.8221528861154446,3846
6,V215,0.8221528861154446,3846
6,V216,0.8221528861154446,3846
6,V217,0.8411336453458138,3846
6,V218,0.8411336453458138,3846
6,V219,0.8411336453458138,3846
6,V220,0.8229329173166927,3846
6,V221,0.8229329173166927,3846
6,V222,0.8229329173166927,3846
6,V223,0.8411336453458138,3846
6,V224,0.8411336453458138,3846
6,V225,0.8411336453458138,3846
6,V226,0.8411336453458138,3846
6,V227,0.8229329173166927,3846
6,V228,0.8411336453458138,3846
6,V229,0.8411336453458138,3846
6,V230,0.8411336453458138,3846
6,V231,0.8411336453458138,3846
6,V232,0.8411336453458138,3846
6,V233,0.8411336453458138,3846
6,V234,0.8229329173166927,3846
6,V235,0.8411336453458138,3846
6,V236,0.8411336453458138,3846
6,V237,0.8411336453458138,3846
6,V238,0.8229329173166927,3846
6,V239,0.8229329173166927,3846
6,V240,0.8411336453458138,3846
6,V241,0.8411336453458138,3846
6,V242,0.8411336453458138,3846
6,V243,0.8411336453458138,3846
6,V244,0.8411336453458138,3846
6,V245,0.8229329173166927,3846
6,V246,0.8411336453458138,3846
6,V247,0.8411336453458138,3846
6,V248,0.8411336453458138,3846
6,V249,0.8411336453458138,3846
6,V250,0.8229329173166927,3846
6,V251,0.8229329173166927,3846
6,V252,0.8411336453458138,3846
6,V253,0.8411336453458138,3846
6,V254,0.8411336453458138,3846
6,V255,0.8229329173166927,3846
6,V256,0.8229329173166927,3846
6,V257,0.8411336453458138,3846
6,V258,0.8411336453458138,3846
6,V259,0.8229329173166927,3846
6,V260,0.8411336453458138,3846
6,V261,0.8411336453458138,3846
6,V262,0.8411336453458138,3846
6,V263,0.8411336453458138,3846
6,V264,0.8411336453458138,3846
6,V265,0.8411336453458138,3846
6,V266,0.8411336453458138,3846
6,V267,0.8411336453458138,3846
6,V268,0.8411336453458138,3846
6,V269,0.8411336453458138,3846
6,V270,0.8229329173166927,3846
6,V271,0.8229329173166927,3846
6,V272,0.8229329173166927,3846
6,V273,0.8411336453458138,3846
6,V274,0.8411336453458138,3846
6,V275,0.8411336453458138,3846
6,V276,0.8411336453458138,3846
6,V277,0.8411336453458138,3846
6,V278,0.8411336453458138,3846
6,V279,0.0,3846
6,V280,0.0,3846
6,V281,0.0,3846
6,V282,0.0,3846
6,V283,0.0,3846
6,V284,0.0,3846
6,V285,0.0,3846
6,V286,0.0,3846
6,V287,0.0,3846
6,V288,0.0,3846
6,V289,0.0,3846
6,V290,0.0,3846
6,V291,0.0,3846
6,V292,0.0,3846
6,V293,0.0,3846
6,V294,0.0,3846
6,V295,0.0,3846
6,V296,0.0,3846
6,V297,0.0,3846
6,V298,0.0,3846
6,V299,0.0,3846
6,V300,0.0,3846
6,V301,0.0,3846
6,V302,0.0,3846
6,V303,0.0,3846
6,V304,0.0,3846
6,V305,0.0,3846
6,V306,0.0,3846
6,V307,0.0,3846
6,V308,0.0,3846
6,V309,0.0,3846
6,V310,0.0,3846
6,V311,0.0,3846
6,V312,0.0,3846
6,V313,0.0,3846
6,V314,0.0,3846
6,V315,0.0,3846
6,V316,0.0,3846
6,V317,0.0,3846
6,V318,0.0,3846
6,V319,0.0,3846
6,V320,0.0,3846
6,V321,0.0,3846
6,V322,0.9110764430577223,3846
6,V323,0.9110764430577223,3846
6,V324,0.9110764430577223,3846
6,V325,0.9110764430577223,3846
6,V326,0.9110764430577223,3846
6,V327,0.9110764430577223,3846
6,V328,0.9110764430577223,3846
6,V329,0.9110764430577223,3846
6,V330,0.9110764430577223,3846
6,V331,0.9110764430577223,3846
6,V332,0.9110764430577223,3846
6,V333,0.9110764430577223,3846
6,V334,0.9110764430577223,3846
6,V335,0.9110764430577223,3846
6,V336,0.9110764430577223,3846
6,V337,0.9110764430577223,3846
6,V338,0.9110764430577223,3846
6,V339,0.9110764430577223,3846
6,id_01,0.8192927717108685,3846
6,id_02,0.8221528861154446,3846
6,id_03,0.9100364014560582,3846
6,id_04,0.9100364014560582,3846
6,id_05,0.8296931877275091,3846
6,id_06,0.8296931877275091,3846
6,id_07,0.9888195527821113,3846
6,id_08,0.9888195527821113,3846
6,id_09,0.9009360374414976,3846
6,id_10,0.9009360374414976,3846
6,id_11,0.8221528861154446,3846
6,id_12,0.8192927717108685,3846
6,id_13,0.8333333333333334,3846
6,id_14,0.9113364534581383,3846
6,id_15,0.8221528861154446,3846
6,id_16,0.8398335933437338,3846
6,id_17,0.8286531461258451,3846
6,id_18,0.9482579303172127,3846
6,id_19,0.8286531461258451,3846
6,id_20,0.8286531461258451,3846
6,id_21,0.9888195527821113,3846
6,id_22,0.9888195527821113,3846
6,id_23,0.9888195527821113,3846
6,id_24,0.9888195527821113,3846
6,id_25,0.9888195527821113,3846
6,id_26,0.9888195527821113,3846
6,id_27,0.9888195527821113,3846
6,id_28,0.8221528861154446,3846
6,id_29,0.8221528861154446,3846
6,id_30,0.9154966198647946,3846
6,id_31,0.8221528861154446,3846
6,id_32,0.9154966198647946,3846
6,id_33,0.9154966198647946,3846
6,id_34,0.9160166406656266,3846
6,id_35,0.8221528861154446,3846
6,id_36,0.8221528861154446,3846
6,id_37,0.8221528861154446,3846
6,id_38,0.8221528861154446,3846
6,DeviceType,0.8221528861154446,3846
6,DeviceInfo,0.8512740509620385,3846
